0,tmp_dalel/0.jpeg,-2.947828569585342,1.0045447774062395,1.0045447774062395,-2.4598072422791726e-05,0.0015894237982615263,0.014636104144727734,0.9998916229183986
1,tmp_dalel/1.jpeg,-2.947828569585342,1.0045447774062395,1.0045447774062395,-2.4598072422791726e-05,0.0015894237982615263,0.014636104144727734,0.9998916229183986
2,tmp_dalel/2.jpeg,-2.947828569585342,1.0045447774062395,1.0045447774062395,-2.4598072422791726e-05,0.0015894237982615263,0.014636104144727734,0.9998916229183986
3,tmp_dalel/3.jpeg,-2.947828569585342,1.0045447774062395,1.0045447774062395,-2.4598072422791726e-05,0.0015894237982615263,0.014636104144727734,0.9998916229183986
4,tmp_dalel/4.jpeg,-2.947828569585342,1.0045447774062395,1.0045447774062395,-2.4598072422791726e-05,0.0015894237982615263,0.014636104144727734,0.9998916229183986
5,tmp_dalel/5.jpeg,-2.947828529995546,1.0045449130738615,1.0045449130738615,-2.459873474038837e-05,0.0015894237884108288,0.014636520871497678,0.9998916168183937
6,tmp_dalel/6.jpeg,-2.947828529995546,1.0045449130738615,1.0045449130738615,-2.459873474038837e-05,0.0015894237884108288,0.014636520871497678,0.9998916168183937
7,tmp_dalel/7.jpeg,-2.947828453145027,1.0045451764287978,1.0045451764287978,-2.46000204160187e-05,0.0015894237692869314,0.014637329812086538,0.9998916049767058
8,tmp_dalel/8.jpeg,-2.9478283751304577,1.004545443774149,1.004545443774149,-2.460132557224664e-05,0.001589423749872705,0.014638151009875977,0.9998915929549215
9,tmp_dalel/9.jpeg,-2.947828336705501,1.0045455754517798,1.0045455754517798,-2.460196841082406e-05,0.0015894237403098178,0.01463855548062183,0.9998915870334932
10,tmp_dalel/10.jpeg,-2.9478282971162417,1.0045457111196898,1.0045457111196898,-2.4602630729479824e-05,0.001589423730457258,0.014638972208191466,0.9998915809324547
11,tmp_dalel/11.jpeg,-2.9478282586914597,1.0045458427974143,1.0045458427974143,-2.4603273568287152e-05,0.0015894237208937444,0.014639376679199267,0.9998915750106904
12,tmp_dalel/12.jpeg,-2.947828180677772,1.004546110143239,1.004546110143239,-2.4604578726713884e-05,0.0015894237014766122,0.014640197878303828,0.9998915629872052
13,tmp_dalel/13.jpeg,-2.947828180677772,1.004546110143239,1.004546110143239,-2.4604578726713884e-05,0.0015894237014766122,0.014640197878303828,0.9998915629872052
14,tmp_dalel/14.jpeg,-2.947828103828814,1.0045463734990132,1.0045463734990132,-2.4605864406093425e-05,0.0015894236823480884,0.014641006821220803,0.9998915511425079
15,tmp_dalel/15.jpeg,-2.9478280642400914,1.0045465091672112,1.0045465091672112,-2.460652672600669e-05,0.0015894236724935036,0.014641423549590894,0.9998915450404359
16,tmp_dalel/16.jpeg,-2.9478280258158294,1.0045466408452155,1.0045466408452155,-2.4607169566133673e-05,0.00158942366292859,0.01464182802137503,0.9998915391176684
17,tmp_dalel/17.jpeg,-2.9478279873916535,1.0045467725232649,1.0045467725232649,-2.460781240676453e-05,0.0015894236533637674,0.014642232493285098,0.9998915331947353
18,tmp_dalel/18.jpeg,-2.9478279873916535,1.0045467725232649,1.0045467725232649,-2.460781240676453e-05,0.0015894236533637674,0.014642232493285098,0.9998915331947353
19,tmp_dalel/19.jpeg,-2.947827909379197,1.0045470398697505,1.0045470398697505,-2.460911756800415e-05,0.001589423633942662,0.014643053694226013,0.9998915211688774
20,tmp_dalel/20.jpeg,-2.9478278313670945,1.0045473072164262,1.0045473072164262,-2.46104227301558e-05,0.0015894236145206206,0.014643874895695238,0.9998915091423369
21,tmp_dalel/21.jpeg,-2.9478277929433534,1.0045474388947087,1.0045474388947087,-2.4611065571764407e-05,0.0015894236049542017,0.01464427936825364,0.9998915032185662
22,tmp_dalel/22.jpeg,-2.947827754519698,1.0045475705730387,1.0045475705730387,-2.4611708413201532e-05,0.0015894235953873611,0.01464468384094292,0.99989149729463
23,tmp_dalel/23.jpeg,-2.947827754519698,1.0045475705730387,1.0045475705730387,-2.4611708413201532e-05,0.0015894235953873611,0.01464468384094292,0.99989149729463
24,tmp_dalel/24.jpeg,-2.9478277149317798,1.004547706241668,1.004547706241668,-2.4612370735234156e-05,0.0015894235855305509,0.014645100570511464,0.9998914911910076
25,tmp_dalel/25.jpeg,-2.9478276380849033,1.0045479695985602,1.0045479695985602,-2.4613656419531113e-05,0.0015894235663957321,0.014645909516535731,0.9998914793422975
26,tmp_dalel/26.jpeg,-2.947827560074032,1.0045482369458965,1.0045482369458965,-2.46149615847682e-05,0.0015894235469700543,0.014646730719841449,0.9998914673133843
27,tmp_dalel/27.jpeg,-2.9478275216508965,1.0045483686245054,1.0045483686245054,-2.4615604427558643e-05,0.0015894235374017507,0.01464713519330609,0.9998914613884449
28,tmp_dalel/28.jpeg,-2.9478275216508965,1.0045483686245054,1.0045483686245054,-2.4615604427558643e-05,0.0015894235374017507,0.01464713519330609,0.9998914613884449
29,tmp_dalel/29.jpeg,-2.947827482063514,1.004548504293423,1.004548504293423,-2.4616266750730597e-05,0.0015894235275432814,0.014647551923675655,0.9998914552837886
30,tmp_dalel/30.jpeg,-2.9478274436405534,1.0045486359721254,1.0045486359721254,-2.4616909593880752e-05,0.0015894235179743886,0.014647956397399547,0.9998914493585132
31,tmp_dalel/31.jpeg,-2.9478273656305642,1.0045489033199355,1.0045489033199355,-2.4618214761046285e-05,0.0015894234985459805,0.01464877760202293,0.9998914373278992
32,tmp_dalel/32.jpeg,-2.9478272887852492,1.0045491666776658,1.0045491666776658,-2.461950044892423e-05,0.0015894234794064314,0.014649586550376443,0.9998914254761796
33,tmp_dalel/33.jpeg,-2.9478272887852492,1.0045491666776658,1.0045491666776658,-2.461950044892423e-05,0.0015894234794064314,0.014649586550376443,0.9998914254761796
34,tmp_dalel/34.jpeg,-2.9478272491984026,1.0045493023468712,1.0045493023468712,-2.4620162773333923e-05,0.0015894234695461363,0.014650003281545245,0.9998914193704899
35,tmp_dalel/35.jpeg,-2.9478272107759618,1.004549434025853,1.004549434025853,-2.462080561771645e-05,0.0015894234599756099,0.014650407756046986,0.9998914134442112
36,tmp_dalel/36.jpeg,-2.9478271723536076,1.0045495657048804,1.0045495657048804,-2.462144846249697e-05,0.0015894234504052584,0.014650812230674702,0.999891407517767
37,tmp_dalel/37.jpeg,-2.947827094344849,1.0045498330533509,1.0045498330533509,-2.462275363279641e-05,0.0015894234309728622,0.014651633437131821,0.9998913954847801
38,tmp_dalel/38.jpeg,-2.947827094344849,1.0045498330533509,1.0045498330533509,-2.462275363279641e-05,0.0015894234309728622,0.014651633437131821,0.9998913954847801
39,tmp_dalel/39.jpeg,-2.9478270163364444,1.0045501004020119,1.0045501004020119,-2.462405880383183e-05,0.0015894234115396576,0.014652454644119527,0.9998913834511111
40,tmp_dalel/40.jpeg,-2.947826977914525,1.0045502320812727,1.0045502320812727,-2.4624701649603673e-05,0.0015894234019675842,0.014652859119396684,0.9998913775238292
41,tmp_dalel/41.jpeg,-2.947826939492691,1.00455036376058,1.00455036376058,-2.4625344495371827e-05,0.0015894233923954353,0.014653263594802594,0.9998913715963816
42,tmp_dalel/42.jpeg,-2.947826899906649,1.0045504994302175,1.0045504994302175,-2.462600682179063e-05,0.0015894233825326646,0.014653680327172352,0.9998913654891416
43,tmp_dalel/43.jpeg,-2.9478268230634157,1.004550762789065,1.004550762789065,-2.4627292514824672e-05,0.0015894233633867252,0.014654489278631585,0.9998913536334091
44,tmp_dalel/44.jpeg,-2.9478268230634157,1.004550762789065,1.004550762789065,-2.4627292514824672e-05,0.0015894233633867252,0.014654489278631585,0.9998913536334091
45,tmp_dalel/45.jpeg,-2.9478267450562416,1.0045510301383873,1.0045510301383873,-2.4628597688753672e-05,0.0015894233439497237,0.01465531048745645,0.9998913415973669
46,tmp_dalel/46.jpeg,-2.947826706634928,1.0045511618179739,1.0045511618179739,-2.462924053580113e-05,0.001589423334376149,0.014655714963637831,0.9998913356689163
47,tmp_dalel/47.jpeg,-2.9478266670494215,1.0045512974878994,1.0045512974878994,-2.462990286323884e-05,0.0015894233245116775,0.014656131696808423,0.9998913295606424
48,tmp_dalel/48.jpeg,-2.947826628628283,1.0045514291675794,1.0045514291675794,-2.4630545710820177e-05,0.0015894233149372661,0.014656536173249787,0.9998913236318557
49,tmp_dalel/49.jpeg,-2.947826590207229,1.004551560847306,1.004551560847306,-2.463118855859578e-05,0.001589423305362488,0.014656940649819832,0.9998913177029035
50,tmp_dalel/50.jpeg,-2.947826512201112,1.0045518281971948,1.0045518281971948,-2.4632493734943667e-05,0.001589423285922069,0.014657761860219649,0.9998913056648245
51,tmp_dalel/51.jpeg,-2.9478264737803195,1.0045519598770605,1.0045519598770605,-2.4633136583457983e-05,0.0015894232763465738,0.014658166337177595,0.9998912997353707
52,tmp_dalel/52.jpeg,-2.9478264341953486,1.0045520955472738,1.0045520955472738,-2.4633798912433766e-05,0.0015894232664806416,0.01465858307114705,0.9998912936260632
53,tmp_dalel/53.jpeg,-2.947826395774731,1.0045522272272331,1.0045522272272331,-2.4634441761272133e-05,0.0015894232569045046,0.014658987548364729,0.9998912876962733
54,tmp_dalel/54.jpeg,-2.947826357354197,1.004552358907239,1.004552358907239,-2.4635084610319467e-05,0.0015894232473282499,0.014659392025711315,0.9998912817663179
55,tmp_dalel/55.jpeg,-2.9478263177694957,1.0045524945775959,1.0045524945775959,-2.4635746939945263e-05,0.001589423237461683,0.014659808760080406,0.9998912756564936
56,tmp_dalel/56.jpeg,-2.9478262793491363,1.0045526262576954,1.0045526262576954,-2.4636389789229955e-05,0.0015894232278848475,0.014660213237687627,0.9998912697262021
57,tmp_dalel/57.jpeg,-2.9478262013444296,1.0045528936083417,1.0045528936083417,-2.463769496891102e-05,0.0015894232084402746,0.014661034450191051,0.9998912576854041
58,tmp_dalel/58.jpeg,-2.9478262013444296,1.0045528936083417,1.0045528936083417,-2.463769496891102e-05,0.0015894232084402746,0.014661034450191051,0.9998912576854041
59,tmp_dalel/59.jpeg,-2.9478261245043185,1.004553156968866,1.004553156968866,-2.4638980669174684e-05,0.00158942318928463,0.014661843406309091,0.9998912458236521
60,tmp_dalel/60.jpeg,-2.947826084920153,1.0045532926395109,1.0045532926395109,-2.4639642999856927e-05,0.0015894231794165218,0.014662260141479068,0.9998912397127941
61,tmp_dalel/61.jpeg,-2.947826046500315,1.0045534243198893,1.0045534243198893,-2.464028585057611e-05,0.001589423169837898,0.014662664619861411,0.9998912337814994
62,tmp_dalel/62.jpeg,-2.9478260080805625,1.004553556000314,1.004553556000314,-2.4640928701391568e-05,0.0015894231602592336,0.014663069098373165,0.9998912278500389
63,tmp_dalel/63.jpeg,-2.9478260080805625,1.004553556000314,1.004553556000314,-2.4640928701391568e-05,0.0015894231602592336,0.014663069098373165,0.9998912278500389
64,tmp_dalel/64.jpeg,-2.9478259684966654,1.0045536916711029,1.0045536916711029,-2.4641591032911655e-05,0.001589423150389965,0.014663485833943725,0.9998912217386643
65,tmp_dalel/65.jpeg,-2.9478258520739655,1.004554090703119,1.004554090703119,-2.4643539067640875e-05,0.0015894231213613372,0.014664711527585092,0.9998912037630144
66,tmp_dalel/66.jpeg,-2.947825813654648,1.0045542223837771,1.0045542223837771,-2.4644181919585963e-05,0.0015894231117813003,0.014665116006744527,0.9998911978307164
67,tmp_dalel/67.jpeg,-2.947825775235416,1.004554354064481,1.004554354064481,-2.4644824771685627e-05,0.00158942310220082,0.0146655204860319,0.9998911918982529
68,tmp_dalel/68.jpeg,-2.9478257356520547,1.0045544897355576,1.0045544897355576,-2.4645487104446993e-05,0.0015894230923300012,0.014665937222401717,0.9998911857858445
69,tmp_dalel/69.jpeg,-2.947825697232997,1.0045546214163552,1.0045546214163552,-2.4646129957000897e-05,0.0015894230827492818,0.014666341701949649,0.9998911798530449
70,tmp_dalel/70.jpeg,-2.9478256192309327,1.00455488876842,1.00455488876842,-2.4647435143139264e-05,0.0015894230632964316,0.014667162918396363,0.9998911678071546
71,tmp_dalel/71.jpeg,-2.9478255808121347,1.0045550204493578,1.0045550204493578,-2.4648077996058053e-05,0.001589423053714979,0.014667567398334079,0.9998911618738531
72,tmp_dalel/72.jpeg,-2.947825542393424,1.0045551521303409,1.0045551521303409,-2.464872084952578e-05,0.0015894230441332521,0.014667971878396933,0.9998911559403862
73,tmp_dalel/73.jpeg,-2.9478255028105984,1.0045552878017054,1.0045552878017054,-2.4649383183501348e-05,0.0015894230342604595,0.014668388615566104,0.9998911498269443
74,tmp_dalel/74.jpeg,-2.947825464392061,1.0045554194827828,1.0045554194827828,-2.465002603708746e-05,0.0015894230246782054,0.014668793095891253,0.9998911438931415
75,tmp_dalel/75.jpeg,-2.9478254259736096,1.004555551163906,1.004555551163906,-2.4650668891187518e-05,0.0015894230150955487,0.014669197576344046,0.999891137959173
76,tmp_dalel/76.jpeg,-2.9478253479727754,1.0045558185166312,1.0045558185166312,-2.465197408018139e-05,0.0015894229956391036,0.01467001879462699,0.9998911259109097
77,tmp_dalel/77.jpeg,-2.947825309554585,1.0045559501978945,1.0045559501978945,-2.4652616934766762e-05,0.0015894229860557857,0.014670423275468147,0.9998911199764395
78,tmp_dalel/78.jpeg,-2.9478252699722955,1.0045560858695466,1.0045560858695466,-2.4653279270099697e-05,0.0015894229761815606,0.014670840013437823,0.9998911138619638
79,tmp_dalel/79.jpeg,-2.9478252315542792,1.0045562175509033,1.0045562175509033,-2.4653922124934217e-05,0.0015894229665976577,0.014671244494538934,0.9998911079271576
80,tmp_dalel/80.jpeg,-2.9478251931363486,1.0045563492323055,1.0045563492323055,-2.4654564980174713e-05,0.0015894229570132955,0.01467164897576764,0.9998911019921861
81,tmp_dalel/81.jpeg,-2.9478251535543274,1.004556484904102,1.004556484904102,-2.465522731596982e-05,0.0015894229471385695,0.014672065714137164,0.9998910958771936
82,tmp_dalel/82.jpeg,-2.9478251151365713,1.0045566165855981,1.0045566165855981,-2.465587017158387e-05,0.0015894229375536687,0.01467247019562612,0.9998910899418858
83,tmp_dalel/83.jpeg,-2.9478250371371484,1.0045568839390804,1.0045568839390804,-2.465717536394352e-05,0.0015894229180929652,0.014673291416013088,0.999891077890903
84,tmp_dalel/84.jpeg,-2.947824998719652,1.0045570156207164,1.0045570156207164,-2.465781822020637e-05,0.0015894229085073079,0.014673695897891192,0.9998910719550936
85,tmp_dalel/85.jpeg,-2.947824960302242,1.0045571473023984,1.0045571473023984,-2.465846107662556e-05,0.0015894228989215052,0.014674100379896722,0.9998910660191187
86,tmp_dalel/86.jpeg,-2.9478249207207563,1.0045572829744827,1.0045572829744827,-2.4659123413755837e-05,0.001589422889044943,0.01467451711906697,0.9998910599030926
87,tmp_dalel/87.jpeg,-2.947824882303521,1.0045574146562581,1.0045574146562581,-2.465976627065641e-05,0.0015894228794585566,0.014674921601332628,0.9998910539667814
88,tmp_dalel/88.jpeg,-2.9478248438863703,1.0045575463380803,1.0045575463380803,-2.4660409127612754e-05,0.001589422869872101,0.014675326083726912,0.9998910480303048
89,tmp_dalel/89.jpeg,-2.947824804305154,1.0045576820103082,1.0045576820103082,-2.46610714652799e-05,0.0015894228599946012,0.014675742823297692,0.9998910419137619
90,tmp_dalel/90.jpeg,-2.9478247658881784,1.0045578136922235,1.0045578136922235,-2.4661714322668768e-05,0.0015894228504075376,0.014676147305951643,0.9998910359769491
91,tmp_dalel/91.jpeg,-2.947824687890339,1.0045580810465569,1.0045580810465569,-2.4663019518707388e-05,0.001589422830942018,0.014676968528703984,0.9998910239229111
92,tmp_dalel/92.jpeg,-2.947824649473624,1.0045582127286117,1.0045582127286117,-2.4663662376832766e-05,0.0015894228213541315,0.01467737301174625,0.9998910179855968
93,tmp_dalel/93.jpeg,-2.9478245714763136,1.0045584800832286,1.0045584800832286,-2.466496757416893e-05,0.0015894228018867773,0.014678194235285144,0.9998910059305403
94,tmp_dalel/94.jpeg,-2.947824533059859,1.0045586117654233,1.0045586117654233,-2.4665610432950442e-05,0.0015894227922978188,0.014678598718715548,0.9998909999927241
95,tmp_dalel/95.jpeg,-2.947824533059859,1.0045586117654233,1.0045586117654233,-2.4665610432950442e-05,0.0015894227922978188,0.014678598718715548,0.9998909999927241
96,tmp_dalel/96.jpeg,-2.947824494643489,1.0045587434476642,1.0045587434476642,-2.4666253291762233e-05,0.0015894227827088618,0.014679003202274915,0.9998909940547427
97,tmp_dalel/97.jpeg,-2.9478244166468817,1.004559010802658,1.004559010802658,-2.4667558490930504e-05,0.0015894227632392464,0.014679824426862205,0.9998909819983315
98,tmp_dalel/98.jpeg,-2.947824338650629,1.0045592781578423,1.0045592781578423,-2.4668863690827413e-05,0.001589422743768826,0.014680645651978885,0.999890969941238
99,tmp_dalel/99.jpeg,-2.9478243002346947,1.0045594098403168,1.0045594098403168,-2.4669506550773258e-05,0.0015894227341783818,0.01468105013618626,0.9998909640024188
0,tmp_dalel/0.jpeg,-2.9477852687384525,1.0046933787251087,1.0046933787251087,-2.532351754074097e-05,0.001589412842846841,0.015092550487693123,0.9998848373914423
1,tmp_dalel/1.jpeg,-2.9477852304100267,1.004693510454504,1.004693510454504,-2.5324160608161705e-05,0.0015894128329884505,0.015092955102420319,0.9998848312839883
2,tmp_dalel/2.jpeg,-2.947785192081686,1.0046936421839456,1.0046936421839456,-2.532480367594117e-05,0.0015894128231300313,0.015093359717276397,0.9998848251763685
3,tmp_dalel/3.jpeg,-2.9477851142638065,1.0046939096347722,1.0046939096347722,-2.532610929892251e-05,0.0015894128031135521,0.015094181208437836,0.9998848127755399
4,tmp_dalel/4.jpeg,-2.947785075935727,1.0046940413643537,1.0046940413643537,-2.5326752367208876e-05,0.001589412793254475,0.01509458582368214,0.9998848066674181
5,tmp_dalel/5.jpeg,-2.947785036446281,1.0046941770857882,1.0046941770857882,-2.532741492278748e-05,0.0015894127830961035,0.015095002700127248,0.9998848003740282
6,tmp_dalel/6.jpeg,-2.947784998118377,1.0046943088154632,1.0046943088154632,-2.5328057991221968e-05,0.0015894127732362815,0.015095407315631585,0.9998847942655699
7,tmp_dalel/7.jpeg,-2.947784959790559,1.0046944405451836,1.0046944405451836,-2.5328701060425314e-05,0.0015894127633761213,0.015095811931262457,0.9998847881569459
8,tmp_dalel/8.jpeg,-2.9477849203013813,1.0046945762667623,1.0046945762667623,-2.532936361637276e-05,0.001589412753217165,0.015096228808109062,0.9998847818630389
9,tmp_dalel/9.jpeg,-2.947784881973737,1.004694707996577,1.004694707996577,-2.5330006685713777e-05,0.001589412743356546,0.015096633424002102,0.9998847757540784
10,tmp_dalel/10.jpeg,-2.9477848436461795,1.0046948397264377,1.0046948397264377,-2.533064975516913e-05,0.001589412733495881,0.015097038040023823,0.9998847696449521
11,tmp_dalel/11.jpeg,-2.9477847658298875,1.004695107178114,1.004695107178114,-2.5331955381970925e-05,0.0015894127134742503,0.015097859533551224,0.9998847572410652
12,tmp_dalel/12.jpeg,-2.9477847275025897,1.0046952389081139,1.0046952389081139,-2.5332598452267184e-05,0.001589412703612883,0.015098264149960836,0.9998847511314367
13,tmp_dalel/13.jpeg,-2.947784688013949,1.0046953746299805,1.0046953746299805,-2.5333261009602098e-05,0.0015894126934522064,0.015098681027608215,0.9998847448364949
14,tmp_dalel/14.jpeg,-2.947784649686827,1.0046955063600738,1.0046955063600738,-2.5333904080167002e-05,0.0015894126835897318,0.01509908564427812,0.99988473872653
15,tmp_dalel/15.jpeg,-2.94778461135979,1.0046956380902137,1.0046956380902137,-2.5334547151160854e-05,0.001589412673727561,0.015099490261076789,0.9998847326163997
16,tmp_dalel/16.jpeg,-2.947784571871418,1.004695773812224,1.004695773812224,-2.533520970917224e-05,0.0015894126635659974,0.015099907139124305,0.9998847263209405
17,tmp_dalel/17.jpeg,-2.94778449521778,1.0046960372727365,1.0046960372727365,-2.5336495851904542e-05,0.0015894126438397219,0.015100716373370949,0.9998847140998409
18,tmp_dalel/18.jpeg,-2.94778449521778,1.0046960372727365,1.0046960372727365,-2.5336495851904542e-05,0.0015894126438397219,0.015100716373370949,0.9998847140998409
19,tmp_dalel/19.jpeg,-2.947784417403075,1.0046963047252633,1.0046963047252633,-2.5337801482295816e-05,0.001589412623813447,0.015101537869266648,0.9998847016928952
20,tmp_dalel/20.jpeg,-2.9477843790765603,1.0046964364556823,1.0046964364556823,-2.5338444554501294e-05,0.0015894126139492646,0.015101942486842691,0.9998846955817605
21,tmp_dalel/21.jpeg,-2.9477843395887247,1.0046965721779804,1.0046965721779804,-2.5339107113822927e-05,0.0015894126037862802,0.015102359365691483,0.9998846892852665
22,tmp_dalel/22.jpeg,-2.9477843012623848,1.004696703908493,1.004696703908493,-2.5339750186162894e-05,0.0015894125939216542,0.015102763983529246,0.9998846831737955
23,tmp_dalel/23.jpeg,-2.94778426293613,1.0046968356390515,1.0046968356390515,-2.5340393259068913e-05,0.0015894125840569874,0.015103168601493366,0.9998846770621586
24,tmp_dalel/24.jpeg,-2.947784185122484,1.0046971030921457,1.0046971030921457,-2.534169889206884e-05,0.0015894125640274434,0.015103990098968309,0.9998846646531739
25,tmp_dalel/25.jpeg,-2.9477841467964896,1.004697234822844,1.004697234822844,-2.5342341965248835e-05,0.001589412554161831,0.015104394717322103,0.9998846585410349
26,tmp_dalel/26.jpeg,-2.9477841073091917,1.0046973705454294,1.0046973705454294,-2.534300452588076e-05,0.0015894125439969025,0.015104811596971605,0.9998846522435061
27,tmp_dalel/27.jpeg,-2.9477840689833728,1.0046975022762212,1.0046975022762212,-2.534364759939879e-05,0.0015894125341307458,0.015105216215586295,0.9998846461310308
28,tmp_dalel/28.jpeg,-2.9477840306576386,1.004697634007059,1.004697634007059,-2.534429067337646e-05,0.0015894125242643957,0.015105620834328804,0.9998846400183894
29,tmp_dalel/29.jpeg,-2.9477839911706103,1.0046977697297885,1.0046977697297885,-2.534495323450471e-05,0.001589412514098681,0.015106037714378958,0.9998846337203435
30,tmp_dalel/30.jpeg,-2.9477839145195786,1.004698033191697,1.004698033191697,-2.534623938340385e-05,0.0015894124943644564,0.01510684695251235,0.9998846214942224
31,tmp_dalel/31.jpeg,-2.94778383670752,1.0046983006456411,1.0046983006456411,-2.5347545019956348e-05,0.0015894124743299199,0.01510766845235351,0.9998846090821792
32,tmp_dalel/32.jpeg,-2.94778383670752,1.0046983006456411,1.0046983006456411,-2.5347545019956348e-05,0.0015894124743299199,0.01510766845235351,0.9998846090821792
33,tmp_dalel/33.jpeg,-2.947783798382308,1.0046984323767583,1.0046984323767583,-2.5348188095246672e-05,0.0015894124644618682,0.01510807307187298,0.9998846029685337
34,tmp_dalel/34.jpeg,-2.947783758895816,1.0046985680997755,1.0046985680997755,-2.5348850657604847e-05,0.001589412454294453,0.015108489952724126,0.999884596669453
35,tmp_dalel/35.jpeg,-2.947783720570779,1.0046986998309857,1.0046986998309857,-2.534949373318364e-05,0.0015894124444258727,0.015108894572503664,0.999884590555471
36,tmp_dalel/36.jpeg,-2.947783642759604,1.0046989672854032,1.0046989672854032,-2.5350799371934517e-05,0.00158941242438886,0.015109716073663038,0.999884578141725
37,tmp_dalel/37.jpeg,-2.9477835661101364,1.004699230748149,1.004699230748149,-2.5352085524480412e-05,0.0015894124046498385,0.01511052531412753,0.9998845659125912
38,tmp_dalel/38.jpeg,-2.947783526624182,1.0046993664714543,1.0046993664714543,-2.5352748088019608e-05,0.001589412394481093,0.015110942195781315,0.9998845596124756
39,tmp_dalel/39.jpeg,-2.947783526624182,1.0046993664714543,1.0046993664714543,-2.5352748088019608e-05,0.001589412394481093,0.015110942195781315,0.9998845596124756
40,tmp_dalel/40.jpeg,-2.9477834882996663,1.0046994982029438,1.0046994982029438,-2.535339116481992e-05,0.0015894123846108535,0.01511134681633729,0.9998845534974894
41,tmp_dalel/41.jpeg,-2.947783449975236,1.004699629934479,1.004699629934479,-2.535403424188626e-05,0.0015894123747404755,0.015111751437021499,0.9998845473823375
42,tmp_dalel/42.jpeg,-2.94778341048955,1.0046997656579277,1.0046997656579277,-2.5354696806068244e-05,0.0015894123645706995,0.015112168319074708,0.9998845410817044
43,tmp_dalel/43.jpeg,-2.9477833338411257,1.0047000291212322,1.0047000291212322,-2.5355982961164518e-05,0.0015894123448285304,0.015112977561093435,0.9998845288505619
44,tmp_dalel/44.jpeg,-2.947783256031713,1.0047002965765932,1.0047002965765932,-2.535728860410167e-05,0.0015894123247863583,0.015113799064880088,0.999884516433421
45,tmp_dalel/45.jpeg,-2.9477832177078045,1.0047004283084084,1.0047004283084084,-2.53579316821611e-05,0.001589412314914432,0.015114203686343367,0.9998845103172648
46,tmp_dalel/46.jpeg,-2.9477831782226556,1.0047005640321445,1.0047005640321445,-2.535859424783771e-05,0.0015894123047431304,0.015114620569195896,0.9998845040155971
47,tmp_dalel/47.jpeg,-2.9477831398989216,1.0047006957640527,1.0047006957640527,-2.5359237326616295e-05,0.0015894122948704927,0.0151150251909185,0.9998844978991044
48,tmp_dalel/48.jpeg,-2.947783062090393,1.0047009632198876,1.0047009632198876,-2.5360542971879004e-05,0.0015894122748252094,0.015115846696023906,0.9998844854802609
49,tmp_dalel/49.jpeg,-2.947783062090393,1.0047009632198876,1.0047009632198876,-2.5360542971879004e-05,0.0015894122748252094,0.015115846696023906,0.9998844854802609
50,tmp_dalel/50.jpeg,-2.9477829854435327,1.0047012266840298,1.0047012266840298,-2.5361829130781522e-05,0.0015894122550784784,0.015116655940376615,0.9998844732461052
51,tmp_dalel/51.jpeg,-2.947782945958921,1.0047013624080539,1.0047013624080539,-2.536249169763318e-05,0.0015894122449051909,0.015117072824031332,0.9998844669434028
52,tmp_dalel/52.jpeg,-2.9477829076357085,1.0047014941402412,1.0047014941402412,-2.5363134777781476e-05,0.0015894122350310473,0.015117477446531446,0.9998844608259057
53,tmp_dalel/53.jpeg,-2.9477829076357085,1.0047014941402412,1.0047014941402412,-2.5363134777781476e-05,0.0015894122350310473,0.015117477446531446,0.9998844608259057
54,tmp_dalel/54.jpeg,-2.947782869312582,1.0047016258724752,1.0047016258724752,-2.5363777857840267e-05,0.0015894122251567278,0.015117882069160616,0.999884454708243
55,tmp_dalel/55.jpeg,-2.9477827915052863,1.0047018933289698,1.0047018933289698,-2.5365083505996414e-05,0.0015894122051078163,0.015118703576103844,0.999884442287024
56,tmp_dalel/56.jpeg,-2.947782713698346,1.004702160785655,1.004702160785655,-2.536638915488918e-05,0.001589412185058061,0.015119525083577624,0.9998844298651216
57,tmp_dalel/57.jpeg,-2.947782675375654,1.0047022925181215,1.0047022925181215,-2.536703223608976e-05,0.0015894121751822627,0.015119929706854024,0.9998844237466202
58,tmp_dalel/58.jpeg,-2.9477826370530495,1.0047024242506346,1.0047024242506346,-2.5367675317259253e-05,0.001589412165306285,0.015120334330260677,0.9998844176279532
59,tmp_dalel/59.jpeg,-2.9477826370530495,1.0047024242506346,1.0047024242506346,-2.5367675317259253e-05,0.001589412165306285,0.015120334330260677,0.9998844176279532
60,tmp_dalel/60.jpeg,-2.9477825975692435,1.0047025599750896,1.0047025599750896,-2.5368337886058263e-05,0.0015894121551308696,0.015120751215115505,0.9998844113236985
61,tmp_dalel/61.jpeg,-2.9477825209244686,1.0047028234403488,1.0047028234403488,-2.5369624049790356e-05,0.001589412135377355,0.015121560462575774,0.9998843990855257
62,tmp_dalel/62.jpeg,-2.9477824431187605,1.004703090897694,1.004703090897694,-2.5370929701626146e-05,0.0015894121153238964,0.015122381971886536,0.9998843866612479
63,tmp_dalel/63.jpeg,-2.9477824047966767,1.0047032226304862,1.0047032226304862,-2.5371572784063318e-05,0.0015894121054462204,0.015122786596069152,0.9998843805415766
64,tmp_dalel/64.jpeg,-2.9477823653134076,1.0047033583552285,1.0047033583552285,-2.537223535436871e-05,0.0015894120952690191,0.015123203481723555,0.9998843742362872
65,tmp_dalel/65.jpeg,-2.947782326991498,1.0047034900881147,1.0047034900881147,-2.5372878437052442e-05,0.0015894120853909104,0.01512360810616802,0.9998843681162792
66,tmp_dalel/66.jpeg,-2.947782288669675,1.004703621821046,1.004703621821046,-2.53735215205033e-05,0.0015894120755127626,0.015124012730738995,0.9998843619961056
67,tmp_dalel/67.jpeg,-2.9477822108650256,1.0047038892789584,1.0047038892789584,-2.5374827174824304e-05,0.001589412055455577,0.015124834241629524,0.9998843495697889
68,tmp_dalel/68.jpeg,-2.9477822108650256,1.0047038892789584,1.0047038892789584,-2.5374827174824304e-05,0.001589412055455577,0.015124834241629524,0.9998843495697889
69,tmp_dalel/69.jpeg,-2.947782133060732,1.0047041567370603,1.0047041567370603,-2.537613283021334e-05,0.0015894120353971428,0.015125655753046472,0.9998843371427887
70,tmp_dalel/70.jpeg,-2.9477820947393436,1.0047042884702249,1.0047042884702249,-2.537677591469105e-05,0.0015894120255175944,0.01512606037826671,0.9998843310217764
71,tmp_dalel/71.jpeg,-2.947782056418042,1.004704420203436,1.004704420203436,-2.5377418999012608e-05,0.001589412015637789,0.015126465003617117,0.9998843249005985
72,tmp_dalel/72.jpeg,-2.947782056418042,1.004704420203436,1.004704420203436,-2.5377418999012608e-05,0.001589412015637789,0.015126465003617117,0.9998843249005985
73,tmp_dalel/73.jpeg,-2.947782016935579,1.0047045559286105,1.0047045559286105,-2.537808157102602e-05,0.0015894120054580562,0.015126881890474175,0.9998843185937569
74,tmp_dalel/74.jpeg,-2.9477819402934107,1.0047048193952652,1.0047048193952652,-2.5379367741144026e-05,0.0015894119856967087,0.015127691141820719,0.9998843063505622
75,tmp_dalel/75.jpeg,-2.9477819008112154,1.0047049551205842,1.0047049551205842,-2.538003031366068e-05,0.0015894119755162125,0.015128108029080798,0.9998843000432034
76,tmp_dalel/76.jpeg,-2.9477818624903493,1.0047050868540282,1.0047050868540282,-2.5380673399092023e-05,0.0015894119656352447,0.01512851265507865,0.9998842939211866
77,tmp_dalel/77.jpeg,-2.947781824169568,1.0047052185875183,1.0047052185875183,-2.538131648461571e-05,0.0015894119557534445,0.01512891728120595,0.9998842877990043
78,tmp_dalel/78.jpeg,-2.947781784687642,1.0047053543129805,1.0047053543129805,-2.5381979057874757e-05,0.0015894119455721882,0.015129334168864457,0.9998842814911281
79,tmp_dalel/79.jpeg,-2.9477817463670366,1.004705486046564,1.004705486046564,-2.5382622143781007e-05,0.0015894119356900547,0.015129738795251382,0.9998842753686091
80,tmp_dalel/80.jpeg,-2.9477817080465165,1.0047056177801938,1.0047056177801938,-2.5383265230010827e-05,0.0015894119258077794,0.01513014342176709,0.9998842692459248
81,tmp_dalel/81.jpeg,-2.9477816302445143,1.004705885239523,1.004705885239523,-2.5384570890694957e-05,0.001589411905742681,0.015130964936602273,0.99988425681451
82,tmp_dalel/82.jpeg,-2.9477816302445143,1.004705885239523,1.004705885239523,-2.5384570890694957e-05,0.001589411905742681,0.015130964936602273,0.99988425681451
83,tmp_dalel/83.jpeg,-2.947781552442866,1.0047061526990422,1.0047061526990422,-2.5385876552060176e-05,0.001589411885676551,0.015131786451966523,0.9998842443824122
84,tmp_dalel/84.jpeg,-2.9477815141227817,1.0047062844329049,1.0047062844329049,-2.538651963957539e-05,0.001589411875792888,0.015132191079130797,0.9998842382588888
85,tmp_dalel/85.jpeg,-2.947781475802784,1.004706416166814,1.004706416166814,-2.5387162726977715e-05,0.0015894118659088407,0.015132595706424359,0.9998842321352001
86,tmp_dalel/86.jpeg,-2.9477814363216632,1.0047065518927076,1.0047065518927076,-2.538782530217958e-05,0.0015894118557249041,0.015133012595284167,0.9998842258257714
87,tmp_dalel/87.jpeg,-2.947781359682102,1.0047068153607583,1.0047068153607583,-2.5389111478192204e-05,0.001589411835955689,0.015133821850518783,0.9998842135775551
88,tmp_dalel/88.jpeg,-2.9477813202012495,1.0047069510867963,1.0047069510867963,-2.538977405392891e-05,0.0015894118257710078,0.015134238739780394,0.999884207267609
89,tmp_dalel/89.jpeg,-2.9477812818816873,1.0047070828209381,1.0047070828209381,-2.5390417142597004e-05,0.0015894118158859152,0.015134643367721065,0.9998842011430814
90,tmp_dalel/90.jpeg,-2.94778124356221,1.0047072145551263,1.0047072145551263,-2.5391060231247705e-05,0.0015894118060001882,0.015135047995791443,0.9998841950183882
91,tmp_dalel/91.jpeg,-2.9477812040816267,1.0047073502813075,1.0047073502813075,-2.5391722807818808e-05,0.0015894117958147882,0.015135464885452045,0.999884188707925
92,tmp_dalel/92.jpeg,-2.9477811657623243,1.0047074820155892,1.0047074820155892,-2.5392365896734915e-05,0.0015894117859287875,0.015135869513783826,0.9998841825828952
93,tmp_dalel/93.jpeg,-2.947781087962793,1.004707749476242,1.004707749476242,-2.539367156324038e-05,0.001589411765856329,0.015136691032303565,0.9998841701467189
94,tmp_dalel/94.jpeg,-2.9477810496437518,1.004707881210663,1.004707881210663,-2.539431465303263e-05,0.0015894117559693312,0.015137095661022105,0.9998841640211871
95,tmp_dalel/95.jpeg,-2.9477810113247966,1.0047080129451305,1.0047080129451305,-2.5394957743104565e-05,0.0015894117460821262,0.015137500289869307,0.9998841578954895
96,tmp_dalel/96.jpeg,-2.9477809718447503,1.0047081486715996,1.0047081486715996,-2.539562032081493e-05,0.0015894117358951434,0.015137917180331462,0.9998841515839911
97,tmp_dalel/97.jpeg,-2.9477809335259693,1.0047082804061607,1.0047082804061607,-2.5396263411238e-05,0.0015894117260074367,0.015138321809439527,0.9998841454579569
98,tmp_dalel/98.jpeg,-2.9477808952072753,1.0047084121407672,1.0047084121407672,-2.5396906502008788e-05,0.0015894117161192104,0.01513872643867519,0.9998841393317572
99,tmp_dalel/99.jpeg,-2.9477808174089772,1.0047086796020808,1.0047086796020808,-2.539821217146644e-05,0.0015894116960429709,0.015139547959035372,0.9998841268932053
100,tmp_dalel/100.jpeg,-2.9477807790905435,1.0047088113368272,1.0047088113368272,-2.5398855262516366e-05,0.0015894116861543837,0.015139952588660004,0.9998841207665032
101,tmp_dalel/101.jpeg,-2.947780739611034,1.0047089470635837,1.0047089470635837,-2.5399517841713763e-05,0.0015894116759654197,0.015140369479921787,0.9998841144539702
102,tmp_dalel/102.jpeg,-2.9477807012927753,1.0047090787984239,1.0047090787984239,-2.5400160933245948e-05,0.001589411666076045,0.015140774109807955,0.9998841083269318
103,tmp_dalel/103.jpeg,-2.9477806629746013,1.0047092105333102,1.0047092105333102,-2.540080402506047e-05,0.001589411656186753,0.015141178739821523,0.9998841021997275
104,tmp_dalel/104.jpeg,-2.9477806234953614,1.0047093462602101,1.0047093462602101,-2.540146660485002e-05,0.0015894116459971325,0.015141595631483776,0.9998840958866771
105,tmp_dalel/105.jpeg,-2.9477805468594496,1.0047096097302153,1.0047096097302153,-2.540275278944596e-05,0.001589411626216728,0.015142404892160672,0.9998840836314301
106,tmp_dalel/106.jpeg,-2.9477805073804784,1.0047097454572593,1.0047097454572593,-2.5403415369919562e-05,0.0015894116160262255,0.015142821784223505,0.9998840773178622
107,tmp_dalel/107.jpeg,-2.9477804690627405,1.0047098771923788,1.0047098771923788,-2.5404058462731126e-05,0.0015894116061355515,0.015143226414886673,0.9998840711898194
108,tmp_dalel/108.jpeg,-2.947780430745088,1.004710008927544,1.004710008927544,-2.5404701555854164e-05,0.001589411596244221,0.015143631045676845,0.9998840650616106
109,tmp_dalel/109.jpeg,-2.9477803912663854,1.004710144654732,1.004710144654732,-2.5405364136842375e-05,0.001589411586053174,0.01514404793814089,0.9998840587475255
110,tmp_dalel/110.jpeg,-2.9477803529489077,1.0047102763899909,1.0047102763899909,-2.5406007230165184e-05,0.001589411576161542,0.015144452569193069,0.9998840526189804
111,tmp_dalel/111.jpeg,-2.9477803146315167,1.0047104081252956,1.0047104081252956,-2.5406650324016074e-05,0.0015894115662694612,0.015144857200372293,0.9998840464902696
112,tmp_dalel/112.jpeg,-2.9477802368358654,1.004710675588026,1.004710675588026,-2.540795599954066e-05,0.0015894115461850115,0.015145678724677777,0.9998840340466196
113,tmp_dalel/113.jpeg,-2.947780198518735,1.0047108073234705,1.0047108073234705,-2.5408599093985546e-05,0.0015894115362922782,0.015146083356245368,0.9998840279174065
114,tmp_dalel/114.jpeg,-2.947780159040569,1.0047109430509462,1.0047109430509462,-2.5409261676055448e-05,0.00158941152609949,0.01514650024951055,0.9998840216022865
115,tmp_dalel/115.jpeg,-2.9477801207236136,1.0047110747864836,1.0047110747864836,-2.5409904770865413e-05,0.0015894115162062036,0.015146904881338184,0.9998840154727371
116,tmp_dalel/116.jpeg,-2.947780082406743,1.0047112065220678,1.0047112065220678,-2.5410547865699658e-05,0.0015894115063127007,0.015147309513296297,0.9998840093430219
117,tmp_dalel/117.jpeg,-2.947780042928846,1.0047113422496872,1.0047113422496872,-2.5411210448507468e-05,0.0015894114961192644,0.015147726406961251,0.9998840030273844
118,tmp_dalel/118.jpeg,-2.9477799662955415,1.004711605721088,1.004711605721088,-2.5412496639571776e-05,0.0015894114763307459,0.01514853567152367,0.9998839907671153
119,tmp_dalel/119.jpeg,-2.9477799268179137,1.0047117414488518,1.0047117414488518,-2.5413159222987878e-05,0.0015894114661361603,0.015148952565590266,0.9998839844509603
120,tmp_dalel/120.jpeg,-2.9477798885014788,1.0047118731846687,1.0047118731846687,-2.5413802318852572e-05,0.0015894114562414576,0.015149357198196402,0.9998839783204064
121,tmp_dalel/121.jpeg,-2.9477798501851304,1.004712004920532,1.004712004920532,-2.541444541502413e-05,0.0015894114463462267,0.015149761830931134,0.9998839721896867
122,tmp_dalel/122.jpeg,-2.9477798107077704,1.0047121406484394,1.0047121406484394,-2.541510799913717e-05,0.001589411436151013,0.01515017872539751,0.9998839658730144
123,tmp_dalel/123.jpeg,-2.9477797723915966,1.0047122723843958,1.0047122723843958,-2.5415751095756882e-05,0.001589411426255169,0.015150583358391928,0.9998839597419583
124,tmp_dalel/124.jpeg,-2.9477797723915966,1.0047122723843958,1.0047122723843958,-2.5415751095756882e-05,0.001589411426255169,0.015150583358391928,0.9998839597419583
125,tmp_dalel/125.jpeg,-2.947779694598418,1.0047125398484495,1.0047125398484495,-2.5417056777411573e-05,0.0015894114061633289,0.015151404886381625,0.9998839472935467
126,tmp_dalel/126.jpeg,-2.947779617966678,1.0047128033206882,1.0047128033206882,-2.5418342971856003e-05,0.001589411386370167,0.015152214153277454,0.9998839350302643
127,tmp_dalel/127.jpeg,-2.947779578489855,1.0047129390488831,1.0047129390488831,-2.541900555708484e-05,0.0015894113761731592,0.015152631048545187,0.9998839287125572
128,tmp_dalel/128.jpeg,-2.947779540174203,1.0047130707851188,1.0047130707851188,-2.5419648654873187e-05,0.0015894113662758781,0.015153035682317248,0.9998839225804967
129,tmp_dalel/129.jpeg,-2.947779540174203,1.0047130707851188,1.0047130707851188,-2.5419648654873187e-05,0.0015894113662758781,0.015153035682317248,0.9998839225804967
130,tmp_dalel/130.jpeg,-2.9477795018586366,1.004713202521401,1.004713202521401,-2.5420291752815667e-05,0.0015894113563782902,0.015153440316218644,0.9998839164482705
131,tmp_dalel/131.jpeg,-2.947779424066691,1.0047134699861153,1.0047134699861153,-2.5421597437327223e-05,0.001589411336282435,0.015154261846048242,0.9998839039974831
132,tmp_dalel/132.jpeg,-2.9477793462751,1.0047137374510193,1.0047137374510193,-2.5422903122620892e-05,0.0015894113161857302,0.015155083376406525,0.9998838915460126
133,tmp_dalel/133.jpeg,-2.947779307959969,1.0047138691875346,1.0047138691875346,-2.5423546221535522e-05,0.0015894113062869723,0.015155488010956822,0.9998838854129476
134,tmp_dalel/134.jpeg,-2.947779307959969,1.0047138691875346,1.0047138691875346,-2.5423546221535522e-05,0.0015894113062869723,0.015155488010956822,0.9998838854129476
135,tmp_dalel/135.jpeg,-2.947779269644924,1.0047140009240956,1.0047140009240956,-2.5424189320800108e-05,0.0015894112963877216,0.015155892645634274,0.9998838792797169
136,tmp_dalel/136.jpeg,-2.947779230168907,1.004714136652722,1.004714136652722,-2.542485190816713e-05,0.0015894112861882662,0.015156309542103152,0.9998838729604576
137,tmp_dalel/137.jpeg,-2.9477791535392526,1.0047144001260775,1.0047144001260775,-2.5426138107618258e-05,0.0015894112663889738,0.015157118812107719,0.9998838606931575
138,tmp_dalel/138.jpeg,-2.9477790757488944,1.0047146675916414,1.0047146675916414,-2.5427443795895817e-05,0.0015894112462880214,0.015157940344302394,0.9998838482393113
139,tmp_dalel/139.jpeg,-2.9477790374343718,1.0047147993284817,1.0047147993284817,-2.5428086896392555e-05,0.0015894112363872546,0.015158344979757678,0.9998838421050762
140,tmp_dalel/140.jpeg,-2.9477790374343718,1.0047147993284817,1.0047147993284817,-2.5428086896392555e-05,0.0015894112363872546,0.015158344979757678,0.9998838421050762
141,tmp_dalel/141.jpeg,-2.947778997958892,1.0047149350573956,1.0047149350573956,-2.5428749484982236e-05,0.0015894112261862373,0.015158761877027574,0.9998838357847818
142,tmp_dalel/142.jpeg,-2.9477789596445434,1.0047150667943292,1.0047150667943292,-2.5429392585937846e-05,0.0015894112162850962,0.015159166512742768,0.9998838296502103
143,tmp_dalel/143.jpeg,-2.9477788818550694,1.004715334260367,1.004715334260367,-2.5430698276061595e-05,0.0015894111961816735,0.015159988046257766,0.9998838171946611
144,tmp_dalel/144.jpeg,-2.9477788435409815,1.0047154659974402,1.0047154659974402,-2.5431341377539055e-05,0.0015894111862797215,0.015160392682361554,0.9998838110595875
145,tmp_dalel/145.jpeg,-2.9477788052269798,1.0047155977345599,1.0047155977345599,-2.543198447917386e-05,0.0015894111763773949,0.015160797318593355,0.9998838049243478
146,tmp_dalel/146.jpeg,-2.947778765752038,1.0047157334637609,1.0047157334637609,-2.5432647069277022e-05,0.0015894111661745578,0.015161214216663136,0.9998837986030186
147,tmp_dalel/147.jpeg,-2.9477787274382097,1.004715865200974,1.004715865200974,-2.5433290171267072e-05,0.00158941115627186,0.01516161885315745,0.9998837924674425
148,tmp_dalel/148.jpeg,-2.947778649649795,1.0047161326675789,1.0047161326675789,-2.5434595864229124e-05,0.0015894111361651724,0.01516244038825083,0.9998837800098541
149,tmp_dalel/149.jpeg,-2.9477786113362283,1.004716264404931,1.004716264404931,-2.543523896724468e-05,0.001589411126261443,0.015162845025132266,0.9998837738737759
150,tmp_dalel/150.jpeg,-2.947778573022748,1.0047163961423304,1.0047163961423304,-2.5435882069996227e-05,0.0015894111163575033,0.01516324966214479,0.9998837677375318
151,tmp_dalel/151.jpeg,-2.947778533548343,1.0047165318718194,1.0047165318718194,-2.5436544661238598e-05,0.0015894111061533378,0.015163666561015846,0.9998837614151679
152,tmp_dalel/152.jpeg,-2.9477784952350365,1.0047166636093114,1.0047166636093114,-2.5437187764570077e-05,0.0015894110962487266,0.015164071198286253,0.9998837552785873
153,tmp_dalel/153.jpeg,-2.9477784569218173,1.0047167953468497,1.0047167953468497,-2.543783086825955e-05,0.0015894110863438687,0.015164475835684869,0.9998837491418412
154,tmp_dalel/154.jpeg,-2.9477783791346357,1.0047170628141142,1.0047170628141142,-2.5439136564213414e-05,0.0015894110662336446,0.015165297372614737,0.9998837366818769
155,tmp_dalel/155.jpeg,-2.9477783791346357,1.0047170628141142,1.0047170628141142,-2.5439136564213414e-05,0.0015894110662336446,0.015165297372614737,0.9998837366818769
156,tmp_dalel/156.jpeg,-2.9477783013478085,1.004717330281569,1.004717330281569,-2.5440442260981283e-05,0.0015894110461224839,0.015166118910075944,0.9998837242212296
157,tmp_dalel/157.jpeg,-2.9477782630350244,1.0047174620193404,1.0047174620193404,-2.5441085365498937e-05,0.0015894110362162097,0.015166523548123277,0.9998837180836447
158,tmp_dalel/158.jpeg,-2.947778224722326,1.004717593757158,1.004717593757158,-2.544172847021356e-05,0.0015894110263099115,0.015166928186300119,0.9998837119458941
159,tmp_dalel/159.jpeg,-2.947778224722326,1.004717593757158,1.004717593757158,-2.544172847021356e-05,0.0015894110263099115,0.015166928186300119,0.9998837119458941
160,tmp_dalel/160.jpeg,-2.9477781852487266,1.0047177294870786,1.0047177294870786,-2.5442391063375057e-05,0.001589411016103142,0.015167345086373222,0.9998837056219776
161,tmp_dalel/161.jpeg,-2.9477781086237647,1.0047179929629466,1.0047179929629466,-2.5443677273928855e-05,0.0015894109962893256,0.015168154363374748,0.9998836933456375
162,tmp_dalel/162.jpeg,-2.9477780308381716,1.0047182604310618,1.0047182604310618,-2.544498297338541e-05,0.0015894109761741073,0.015168975902674495,0.9998836808826143
163,tmp_dalel/163.jpeg,-2.9477779925259946,1.0047183921691583,1.0047183921691583,-2.5445626079559948e-05,0.0015894109662660904,0.015169380541628995,0.9998836747438594
164,tmp_dalel/164.jpeg,-2.947777953052933,1.0047185278993667,1.0047185278993667,-2.5446288673917466e-05,0.0015894109560577563,0.015169797442503406,0.999883668418908
165,tmp_dalel/165.jpeg,-2.947777953052933,1.0047185278993667,1.0047185278993667,-2.5446288673917466e-05,0.0015894109560577563,0.015169797442503406,0.999883668418908
166,tmp_dalel/166.jpeg,-2.9477779147409304,1.0047186596375568,1.0047186596375568,-2.5446931780245734e-05,0.0015894109461491222,0.015170202081718225,0.9998836622798164
167,tmp_dalel/167.jpeg,-2.9477778764290146,1.0047187913757931,1.0047187913757931,-2.5447574886964946e-05,0.0015894109362405155,0.015170606721061299,0.9998836561405591
168,tmp_dalel/168.jpeg,-2.9477777986444793,1.004719058844475,1.004719058844475,-2.544888058873993e-05,0.0015894109161221622,0.015171428261939122,0.9998836436754964
169,tmp_dalel/169.jpeg,-2.9477777208602998,1.0047193263133465,1.0047193263133465,-2.545018629159399e-05,0.001589410896002752,0.015172249803344908,0.9998836312097508
170,tmp_dalel/170.jpeg,-2.947777682548819,1.0047194580518155,1.0047194580518155,-2.5450829399263826e-05,0.0015894108860922955,0.015172654443336068,0.9998836250696546
171,tmp_dalel/171.jpeg,-2.947777644237424,1.004719589790331,1.004719589790331,-2.5451472507172794e-05,0.0015894108761820745,0.015173059083456609,0.9998836189293929
172,tmp_dalel/172.jpeg,-2.947777566453948,1.0047198572595797,1.0047198572595797,-2.5452778211778533e-05,0.0015894108560604997,0.01517388062591242,0.9998836064622909
173,tmp_dalel/173.jpeg,-2.947777566453948,1.0047198572595797,1.0047198572595797,-2.5452778211778533e-05,0.0015894108560604997,0.01517388062591242,0.9998836064622909
174,tmp_dalel/174.jpeg,-2.9477774886708263,1.0047201247290176,1.0047201247290176,-2.545408391710667e-05,0.0015894108359378832,0.015174702168896596,0.9998835939945058
175,tmp_dalel/175.jpeg,-2.9477774503598675,1.0047202564677662,1.0047202564677662,-2.545472702599855e-05,0.001589410826026008,0.015175106809665656,0.9998835878534053
176,tmp_dalel/176.jpeg,-2.9477774503598675,1.0047202564677662,1.0047202564677662,-2.545472702599855e-05,0.001589410826026008,0.015175106809665656,0.9998835878534053
177,tmp_dalel/177.jpeg,-2.947777412048994,1.0047203882065607,1.0047203882065607,-2.54553701353099e-05,0.0015894108161142585,0.015175511450563027,0.9998835817121389
178,tmp_dalel/178.jpeg,-2.947777372577275,1.0047205239374881,1.0047205239374881,-2.5456032732749933e-05,0.0015894108059015563,0.01517592835343972,0.9998835753846005
179,tmp_dalel/179.jpeg,-2.947777295955964,1.0047207874153108,1.0047207874153108,-2.5457318952232983e-05,0.001589410786076345,0.01517673763588433,0.9998835631012291
180,tmp_dalel/180.jpeg,-2.9477772181740765,1.0047210548854095,1.0047210548854095,-2.5458624660449878e-05,0.0015894107659498212,0.015177559180708537,0.9998835506310682
181,tmp_dalel/181.jpeg,-2.947777179863725,1.004721186624483,1.004721186624483,-2.5459267770959775e-05,0.0015894107560363963,0.015177963822382207,0.9998835444887975
182,tmp_dalel/182.jpeg,-2.9477771403925432,1.0047213223556983,1.0047213223556983,-2.54599303694801e-05,0.0015894107458221212,0.015178380726060342,0.9998835381602239
183,tmp_dalel/183.jpeg,-2.9477771403925432,1.0047213223556983,1.0047213223556983,-2.54599303694801e-05,0.0015894107458221212,0.015178380726060342,0.9998835381602239
184,tmp_dalel/184.jpeg,-2.9477771020823664,1.0047214540948655,1.0047214540948655,-2.546057348047759e-05,0.0015894107359081203,0.015178785367995322,0.9998835320176167
185,tmp_dalel/185.jpeg,-2.9477770243013617,1.0047217215654374,1.0047217215654374,-2.5461879190851312e-05,0.0015894107157786782,0.0151796069141369,0.9998835195457527
186,tmp_dalel/186.jpeg,-2.9477769476816156,1.0047219850440974,1.0047219850440974,-2.5463165414021347e-05,0.0015894106959489986,0.015180416198913407,0.9998835072593681
187,tmp_dalel/187.jpeg,-2.9477769476816156,1.0047219850440974,1.0047219850440974,-2.5463165414021347e-05,0.0015894106959489986,0.015180416198913407,0.9998835072593681
188,tmp_dalel/188.jpeg,-2.947776908210971,1.0047221207756003,1.0047221207756003,-2.5463828013932772e-05,0.0015894106857332554,0.015180833103392495,0.9998835009297595
189,tmp_dalel/189.jpeg,-2.947776869901316,1.0047222525150465,1.0047222525150465,-2.5464471125938397e-05,0.0015894106758176161,0.015181237746105103,0.9998834947861478
190,tmp_dalel/190.jpeg,-2.9477768315917463,1.0047223842545392,1.0047223842545392,-2.5465114238073646e-05,0.0015894106659018869,0.015181642388946055,0.9998834886423705
191,tmp_dalel/191.jpeg,-2.947776753811976,1.0047226517257712,1.0047226517257712,-2.546641995150596e-05,0.0015894106457688822,0.01518246393692567,0.9998834761681307
192,tmp_dalel/192.jpeg,-2.947776715502667,1.0047227834654036,1.0047227834654036,-2.5467063064163777e-05,0.0015894106358523212,0.015182868580155983,0.999883470023851
193,tmp_dalel/193.jpeg,-2.9477766760325608,1.0047229191971934,1.0047229191971934,-2.5467725665577475e-05,0.0015894106256348788,0.015183285485435204,0.9998834636932076
194,tmp_dalel/194.jpeg,-2.9477766377234267,1.004723050936919,1.004723050936919,-2.5468368778812464e-05,0.0015894106157175333,0.015183690128925023,0.9998834575485914
195,tmp_dalel/195.jpeg,-2.9477765994143783,1.0047231826766905,1.0047231826766905,-2.5469011892258692e-05,0.0015894106058000552,0.015184094772543458,0.9998834514038095
196,tmp_dalel/196.jpeg,-2.9477765599445407,1.0047233184086246,1.0047233184086246,-2.5469674494314252e-05,0.001589410595581895,0.015184511678223659,0.9998834450726486
197,tmp_dalel/197.jpeg,-2.94777648332688,1.0047235818884008,1.0047235818884008,-2.547096072234448e-05,0.0015894105757455392,0.015185320966110388,0.999883432782246
198,tmp_dalel/198.jpeg,-2.94777644385731,1.0047237176204793,1.0047237176204793,-2.5471623324781714e-05,0.0015894105655264773,0.0151857378721931,0.9998834264505678
199,tmp_dalel/199.jpeg,-2.9477764055486975,1.0047238493604842,1.0047238493604842,-2.5472266439327757e-05,0.0015894105556078409,0.015186142516461288,0.9998834203049469
200,tmp_dalel/200.jpeg,-2.947776367240171,1.0047239811005348,1.0047239811005348,-2.547290955399205e-05,0.0015894105456887098,0.015186547160857237,0.9998834141591605
201,tmp_dalel/201.jpeg,-2.9477763277708693,1.0047241168327568,1.0047241168327568,-2.5473572157005193e-05,0.0015894105354687924,0.015186964067339218,0.9998834078269647
202,tmp_dalel/202.jpeg,-2.947776289462518,1.0047242485729004,1.0047242485729004,-2.5474215272384734e-05,0.0015894105255490085,0.015187368711994421,0.9998834016808419
203,tmp_dalel/203.jpeg,-2.9477762116852193,1.0047245160454565,1.0047245160454565,-2.54755209914475e-05,0.0015894105054084175,0.015188190263661805,0.99988338920184
204,tmp_dalel/204.jpeg,-2.9477762116852193,1.0047245160454565,1.0047245160454565,-2.54755209914475e-05,0.0015894105054084175,0.015188190263661805,0.99988338920184
205,tmp_dalel/205.jpeg,-2.947776135069123,1.0047247795260705,1.0047247795260705,-2.547680722294629e-05,0.0015894104855674,0.015188999553880938,0.9998833769084239
206,tmp_dalel/206.jpeg,-2.94777609560036,1.0047249152585798,1.0047249152585798,-2.5477469827573134e-05,0.0015894104753455488,0.015189416461163228,0.999883370575193
207,tmp_dalel/207.jpeg,-2.9477760572925296,1.004725046999003,1.004725046999003,-2.5478112944029054e-05,0.001589410465424358,0.015189821106596038,0.9998833644280657
208,tmp_dalel/208.jpeg,-2.947776018984785,1.0047251787394726,1.0047251787394726,-2.5478756060589233e-05,0.0015894104555027894,0.015190225752157572,0.9998833582807723
209,tmp_dalel/209.jpeg,-2.9477759412087208,1.0047254462126887,1.0047254462126887,-2.548006178261081e-05,0.0015894104353588174,0.015191047305662588,0.9998833457993946
210,tmp_dalel/210.jpeg,-2.9477759412087208,1.0047254462126887,1.0047254462126887,-2.548006178261081e-05,0.0015894104353588174,0.015191047305662588,0.9998833457993946
211,tmp_dalel/211.jpeg,-2.947775863433012,1.0047257136860943,1.0047257136860943,-2.5481367505498525e-05,0.0015894104152132458,0.015191868859696235,0.9998833333173335
212,tmp_dalel/212.jpeg,-2.9477758251257025,1.0047258454267969,1.0047258454267969,-2.5482010623153904e-05,0.0015894104052904083,0.01519227350590647,0.9998833271692016
213,tmp_dalel/213.jpeg,-2.94777578681848,1.0047259771675456,1.0047259771675456,-2.5482653741093416e-05,0.0015894103953673138,0.01519267815224607,0.9998833210209038
214,tmp_dalel/214.jpeg,-2.9477757090434737,1.0047262446413285,1.0047262446413285,-2.5483959465670647e-05,0.0015894103752197273,0.015193499707330268,0.9998833085374866
215,tmp_dalel/215.jpeg,-2.9477757090434737,1.0047262446413285,1.0047262446413285,-2.5483959465670647e-05,0.0015894103752197273,0.015193499707330268,0.9998833085374866
216,tmp_dalel/216.jpeg,-2.947775631268823,1.0047265121153015,1.0047265121153015,-2.5485265191196328e-05,0.0015894103550709512,0.015194321262943258,0.9998832960533859
217,tmp_dalel/217.jpeg,-2.947775592962036,1.0047266438562832,1.0047266438562832,-2.5485908310082192e-05,0.001589410345146298,0.01519472590993181,0.9998832899042495
218,tmp_dalel/218.jpeg,-2.9477755546553346,1.0047267755973108,1.0047267755973108,-2.5486551429189592e-05,0.001589410335221708,0.015195130557049075,0.9998832837549473
219,tmp_dalel/219.jpeg,-2.9477755546553346,1.0047267755973108,1.0047267755973108,-2.5486551429189592e-05,0.001589410335221708,0.015195130557049075,0.9998832837549473
220,tmp_dalel/220.jpeg,-2.947775476881388,1.0047270430716608,1.0047270430716608,-2.54878571563249e-05,0.00158941031507105,0.01519595211371156,0.9998832712694904
221,tmp_dalel/221.jpeg,-2.9477753991077957,1.0047273105462007,1.0047273105462007,-2.5489162884272608e-05,0.0015894102949191907,0.015196773670904728,0.9998832587833504
222,tmp_dalel/222.jpeg,-2.94777536080153,1.0047274422874617,1.0047274422874617,-2.5489806004423414e-05,0.0015894102849929267,0.015197178318669815,0.9998832526332093
223,tmp_dalel/223.jpeg,-2.94777536080153,1.0047274422874617,1.0047274422874617,-2.5489806004423414e-05,0.0015894102849929267,0.015197178318669815,0.9998832526332093
224,tmp_dalel/224.jpeg,-2.9477753224953505,1.0047275740287687,1.0047275740287687,-2.549044912478931e-05,0.0015894102750666143,0.01519758296656409,0.9998832464829026
225,tmp_dalel/225.jpeg,-2.947775283028468,1.0047277097622849,1.0047277097622849,-2.5491111733804274e-05,0.0015894102648392981,0.015197999876650266,0.9998832401460496
226,tmp_dalel/226.jpeg,-2.947775206416544,1.004727973245132,1.004727973245132,-2.549239797527139e-05,0.0015894102449855742,0.015198809173088008,0.9998832278445973
227,tmp_dalel/227.jpeg,-2.9477751669499295,1.0047281089787916,1.0047281089787916,-2.5493060584966617e-05,0.00158941023475752,0.015199226083574404,0.9998832215072269
228,tmp_dalel/228.jpeg,-2.947775128644185,1.004728240720332,1.004728240720332,-2.549370370617264e-05,0.001589410224829747,0.015199630732118266,0.9998832153560814
229,tmp_dalel/229.jpeg,-2.9477750903385274,1.004728372461918,1.004728372461918,-2.5494346827796155e-05,0.0015894102149018742,0.015200035380790376,0.9998832092047701
230,tmp_dalel/230.jpeg,-2.9477750508721816,1.0047285081957216,1.0047285081957216,-2.549500943809851e-05,0.001589410204673225,0.015200452291677038,0.999883202866882
231,tmp_dalel/231.jpeg,-2.947775012566698,1.0047286399374014,1.0047286399374014,-2.5495652560044164e-05,0.0015894101947444535,0.015200856940609974,0.9998831967152343
232,tmp_dalel/232.jpeg,-2.9477749347952233,1.0047289074130747,1.0047289074130747,-2.5496958292850086e-05,0.001589410174586326,0.015201678500958948,0.9998831842250151
233,tmp_dalel/233.jpeg,-2.947774896490001,1.0047290391548942,1.0047290391548942,-2.5497601415365226e-05,0.001589410164657374,0.015202083150280198,0.999883178072865
234,tmp_dalel/234.jpeg,-2.9477748581848644,1.0047291708967594,1.0047291708967594,-2.5498244538035443e-05,0.0015894101547277578,0.01520248779972907,0.9998831719205492
235,tmp_dalel/235.jpeg,-2.947774818719056,1.0047293066308507,1.0047293066308507,-2.5498907149643908e-05,0.0015894101444970305,0.015202904711417884,0.9998831655816264
236,tmp_dalel/236.jpeg,-2.9477747804140937,1.00472943837281,1.00472943837281,-2.549955027263512e-05,0.0015894101345671793,0.015203309361128329,0.9998831594289739
237,tmp_dalel/237.jpeg,-2.947774742109218,1.0047295701148147,1.0047295701148147,-2.5500193396149247e-05,0.0015894101246370206,0.015203714010964733,0.999883153276156
238,tmp_dalel/238.jpeg,-2.947774664338977,1.0047298375911482,1.0047298375911482,-2.5501499131904474e-05,0.0015894101044747022,0.015204535573152373,0.9998831407835608
239,tmp_dalel/239.jpeg,-2.947774626034362,1.0047299693332923,1.0047299693332923,-2.5502142256173347e-05,0.0015894100945438082,0.01520494022337848,0.9998831346302405
240,tmp_dalel/240.jpeg,-2.9477745865690914,1.0047301050676718,1.0047301050676718,-2.5502804868739065e-05,0.0015894100843113885,0.015205357135868274,0.9998831282902826
241,tmp_dalel/241.jpeg,-2.94777454826465,1.0047302368099098,1.0047302368099098,-2.5503447993199947e-05,0.0015894100743799524,0.015205761786355514,0.9998831221366258
242,tmp_dalel/242.jpeg,-2.947774509960296,1.004730368552194,1.004730368552194,-2.5504091117765614e-05,0.0015894100644480305,0.015206166436971884,0.9998831159828031
243,tmp_dalel/243.jpeg,-2.947774470495294,1.0047305042867165,1.0047305042867165,-2.5504753731313964e-05,0.0015894100542149607,0.01520658334986024,0.9998831096423277
244,tmp_dalel/244.jpeg,-2.9477743938870207,1.004730767771518,1.004730767771518,-2.5506039981424678e-05,0.0015894100343501975,0.015207392651741591,0.9998830973338436
245,tmp_dalel/245.jpeg,-2.9477743938870207,1.004730767771518,1.004730767771518,-2.5506039981424678e-05,0.0015894100343501975,0.015207392651741591,0.9998830973338436
246,tmp_dalel/246.jpeg,-2.9477743161183683,1.0047310352487013,1.0047310352487013,-2.550734572123918e-05,0.0015894100141827993,0.015208214216295764,0.9998830848381892
247,tmp_dalel/247.jpeg,-2.9477742778145353,1.0047311669912649,1.0047311669912649,-2.5507988847023394e-05,0.0015894100042493507,0.015208618867689623,0.9998830786833619
248,tmp_dalel/248.jpeg,-2.94777423835007,1.0047313027260751,1.0047313027260751,-2.5508651461766633e-05,0.0015894099940147904,0.01520903578138025,0.9998830723418516
249,tmp_dalel/249.jpeg,-2.9477742000464118,1.0047314344687321,1.0047314344687321,-2.550929458795402e-05,0.001589409984080827,0.01520944043303429,0.9998830661866879
250,tmp_dalel/250.jpeg,-2.947774122278643,1.0047317019463888,1.0047317019463888,-2.55106003297308e-05,0.0015894099639107023,0.015210261998907054,0.9998830536893306
251,tmp_dalel/251.jpeg,-2.947774083975246,1.0047318336891855,1.0047318336891855,-2.55112434566292e-05,0.001589409953976243,0.015210666650949887,0.9998830475336645
252,tmp_dalel/252.jpeg,-2.947774045671935,1.004731965432028,1.004731965432028,-2.5511886583708812e-05,0.0015894099440412568,0.01521107130311962,0.9998830413778328
253,tmp_dalel/253.jpeg,-2.9477740062080073,1.0047321011671257,1.0047321011671257,-2.551254919963148e-05,0.0015894099338046935,0.015211488217611332,0.9998830350352874
254,tmp_dalel/254.jpeg,-2.9477740062080073,1.0047321011671257,1.0047321011671257,-2.551254919963148e-05,0.0015894099338046935,0.015211488217611332,0.9998830350352874
255,tmp_dalel/255.jpeg,-2.947773967904871,1.004732232910061,1.004732232910061,-2.551319232728444e-05,0.0015894099238694594,0.015211892870041537,0.9998830288791192
256,tmp_dalel/256.jpeg,-2.9477739296018206,1.0047323646530435,1.0047323646530435,-2.5513835454896112e-05,0.0015894099139333344,0.015212297522602489,0.9998830227227852
257,tmp_dalel/257.jpeg,-2.9477738518352856,1.0047326321313608,1.0047326321313608,-2.551514119962072e-05,0.0015894098937601158,0.01521311909031568,0.9998830102230516
258,tmp_dalel/258.jpeg,-2.9477737740691055,1.0047328996098683,1.0047328996098683,-2.5516446944883343e-05,0.0015894098735856046,0.015213940658559098,0.9998829977226348
259,tmp_dalel/259.jpeg,-2.94777373576649,1.004733031353083,1.004733031353083,-2.5517090073762197e-05,0.0015894098636486465,0.015214345311766398,0.999882991565462
260,tmp_dalel/260.jpeg,-2.94777373576649,1.004733031353083,1.004733031353083,-2.5517090073762197e-05,0.0015894098636486465,0.015214345311766398,0.999882991565462
261,tmp_dalel/261.jpeg,-2.947773697463962,1.0047331630963443,1.0047331630963443,-2.5517733202640413e-05,0.0015894098537108168,0.015214749965104142,0.9998829854081236
262,tmp_dalel/262.jpeg,-2.94777365800084,1.0047332988318738,1.0047332988318738,-2.5518395820489495e-05,0.0015894098434722124,0.015215166880798726,0.9998829790640256
263,tmp_dalel/263.jpeg,-2.9477735813962176,1.0047335623186295,1.0047335623186295,-2.5519682079235663e-05,0.0015894098235961624,0.015215976188123434,0.9998829667485095
264,tmp_dalel/264.jpeg,-2.947773541933364,1.0047336980543027,1.0047336980543027,-2.5520344697752796e-05,0.0015894098133565153,0.015216393104217261,0.999882960403894
265,tmp_dalel/265.jpeg,-2.947773503631271,1.0047338297977968,1.0047338297977968,-2.5520987827739644e-05,0.0015894098034176514,0.015216797758203627,0.9998829542457168
266,tmp_dalel/266.jpeg,-2.9477734653292633,1.0047339615413375,1.0047339615413375,-2.5521630957669987e-05,0.001589409793478876,0.015217202412319254,0.9998829480873737
267,tmp_dalel/267.jpeg,-2.9477734258666786,1.0047340972771543,1.0047340972771543,-2.552229357686608e-05,0.0015894097832382886,0.015217619328813112,0.9998829417422407
268,tmp_dalel/268.jpeg,-2.947773387564847,1.004734229020788,1.004734229020788,-2.5522936707620737e-05,0.0015894097732985519,0.015218023983187624,0.999882935583561
269,tmp_dalel/269.jpeg,-2.9477733098007843,1.0047344965004288,1.0047344965004288,-2.5524242458158702e-05,0.0015894097531177918,0.015218845554587019,0.999882923079065
270,tmp_dalel/270.jpeg,-2.947773271499213,1.0047346282442025,1.0047346282442025,-2.5524885589375265e-05,0.0015894097431772254,0.015219250209351408,0.9998829169198831
271,tmp_dalel/271.jpeg,-2.9477732331977267,1.0047347599880216,1.0047347599880216,-2.5525528720872355e-05,0.001589409733236707,0.015219654864243388,0.9998829107605354
272,tmp_dalel/272.jpeg,-2.94777319373568,1.0047348957241264,1.0047348957241264,-2.5526191341424312e-05,0.0015894097229943373,0.01522007178153951,0.9998829044143674
273,tmp_dalel/273.jpeg,-2.9477731554343696,1.0047350274680396,1.0047350274680396,-2.5526834473446485e-05,0.0015894097130532974,0.015220476436691834,0.999882898254683
274,tmp_dalel/274.jpeg,-2.9477731171331443,1.0047351592119989,1.0047351592119989,-2.5527477605526686e-05,0.0015894097031117725,0.015220881091973611,0.999882892094833
275,tmp_dalel/275.jpeg,-2.9477730393703157,1.0047354266923,1.0047354266923,-2.5528783359004336e-05,0.0015894096829268825,0.015221702665212514,0.9998828795879611
276,tmp_dalel/276.jpeg,-2.947773001069352,1.0047355584363986,1.0047355584363986,-2.552942649177315e-05,0.0015894096729846354,0.015222107320882115,0.9998828734276086
277,tmp_dalel/277.jpeg,-2.947772961607842,1.0047356941727907,1.0047356941727907,-2.5530089113413932e-05,0.0015894096627409864,0.015222524238978841,0.9998828670804059
278,tmp_dalel/278.jpeg,-2.9477729233070527,1.004735825916983,1.004735825916983,-2.553073224643772e-05,0.0015894096527981963,0.0152229288949093,0.9998828609197169
279,tmp_dalel/279.jpeg,-2.9477728850063496,1.004735957661221,1.004735957661221,-2.5531375379622558e-05,0.0015894096428553642,0.015223333550967392,0.9998828547588623
280,tmp_dalel/280.jpeg,-2.947772845545108,1.0047360933977567,1.0047360933977567,-2.553203800201641e-05,0.001589409632610925,0.015223750469464071,0.9998828484111418
281,tmp_dalel/281.jpeg,-2.9477727689441373,1.0047363568864665,1.0047363568864665,-2.5533324269488154e-05,0.0015894096127234193,0.015224559782230767,0.9998828360885937
282,tmp_dalel/282.jpeg,-2.9477727294831646,1.0047364926231461,1.0047364926231461,-2.5533986892478143e-05,0.0015894096024783165,0.01522497670112858,0.9998828297403558
283,tmp_dalel/283.jpeg,-2.947772691182897,1.0047366243676177,1.0047366243676177,-2.5534630026639657e-05,0.0015894095925336861,0.015225381357836316,0.9998828235786624
284,tmp_dalel/284.jpeg,-2.947772652882715,1.004736756112135,1.004736756112135,-2.5535273161079014e-05,0.0015894095825893261,0.01522578601467186,0.9998828174168031
285,tmp_dalel/285.jpeg,-2.947772613422012,1.0047368918489583,1.0047368918489583,-2.553593578485671e-05,0.00158940957234294,0.015226202933970643,0.9998828110680477
286,tmp_dalel/286.jpeg,-2.9477725751220047,1.0047370235935695,1.0047370235935695,-2.5536578919546027e-05,0.0015894095623978008,0.015226607591068813,0.9998828049058519
287,tmp_dalel/287.jpeg,-2.947772536822083,1.0047371553382265,1.0047371553382265,-2.553722205477364e-05,0.0015894095524524505,0.015227012248293379,0.9998827987434904
288,tmp_dalel/288.jpeg,-2.9477724590619023,1.0047374228199444,1.0047374228199444,-2.553852781432383e-05,0.0015894095322596133,0.015227833825478423,0.9998827862315193
289,tmp_dalel/289.jpeg,-2.9477724207622416,1.0047375545647412,1.0047375545647412,-2.553917094995423e-05,0.0015894095223133843,0.015228238483093378,0.9998827800686555
290,tmp_dalel/290.jpeg,-2.947772381302076,1.0047376903018523,1.0047376903018523,-2.5539833574928386e-05,0.0015894095120653532,0.015228655403192431,0.999882773718865
291,tmp_dalel/291.jpeg,-2.94777234300259,1.0047378220467424,1.0047378220467424,-2.5540476711076866e-05,0.0015894095021186045,0.01522906006106734,0.9998827675556644
292,tmp_dalel/292.jpeg,-2.9477723047031907,1.0047379537916785,1.0047379537916785,-2.5541119847329362e-05,0.0015894094921718876,0.015229464719069837,0.9998827613922985
293,tmp_dalel/293.jpeg,-2.947772265243293,1.0047380895289337,1.0047380895289337,-2.554178247287264e-05,0.0015894094819231552,0.015229881639570906,0.9998827550419904
294,tmp_dalel/294.jpeg,-2.94777218864493,1.0047383530190388,1.0047383530190388,-2.554306874660141e-05,0.0015894094620277097,0.015230690956224783,0.9998827427144192
295,tmp_dalel/295.jpeg,-2.9477721491853015,1.0047384887564377,1.0047384887564377,-2.554373137278707e-05,0.001589409451778286,0.015231107877125748,0.9998827363635937
296,tmp_dalel/296.jpeg,-2.9477721108863375,1.0047386205016067,1.0047386205016067,-2.5544374510141284e-05,0.0015894094418299292,0.015231512535776941,0.9998827301993889
297,tmp_dalel/297.jpeg,-2.947772072587459,1.0047387522468223,1.0047387522468223,-2.5545017647610333e-05,0.0015894094318812532,0.01523191719455799,0.999882724035018
298,tmp_dalel/298.jpeg,-2.947772033128099,1.0047388879843646,1.0047388879843646,-2.554568027455862e-05,0.0015894094216310718,0.015232334115858311,0.999882717683675
299,tmp_dalel/299.jpeg,-2.9477719948293966,1.0047390197296735,1.0047390197296735,-2.5546323412460992e-05,0.0015894094116816783,0.015232738774898804,0.9998827115189678
300,tmp_dalel/300.jpeg,-2.9477719948293966,1.0047390197296735,1.0047390197296735,-2.5546323412460992e-05,0.0015894094116816783,0.015232738774898804,0.9998827115189678
301,tmp_dalel/301.jpeg,-2.947771917071688,1.0047392872127148,1.0047392872127148,-2.55476291780136e-05,0.0015894093914815815,0.015233560355770342,0.9998826990022339
302,tmp_dalel/302.jpeg,-2.9477718404748883,1.0047395507036572,1.0047395507036572,-2.55489154552864e-05,0.0015894093715813455,0.015234369674756222,0.9998826866716491
303,tmp_dalel/303.jpeg,-2.9477718010160663,1.0047396864414875,1.0047396864414875,-2.554957808334574e-05,0.00158940936132941,0.015234786596858688,0.999882680319271
304,tmp_dalel/304.jpeg,-2.9477717627178843,1.0047398181870755,1.0047398181870755,-2.555022122266673e-05,0.0015894093513785289,0.015235191256676568,0.9998826741535592
305,tmp_dalel/305.jpeg,-2.9477717627178843,1.0047398181870755,1.0047398181870755,-2.555022122266673e-05,0.0015894093513785289,0.015235191256676568,0.9998826741535592
306,tmp_dalel/306.jpeg,-2.9477717244197885,1.0047399499327097,1.0047399499327097,-2.55508643621362e-05,0.001589409341427647,0.015235595916623575,0.9998826679876814
307,tmp_dalel/307.jpeg,-2.947771646663314,1.0047402174164113,1.0047402174164113,-2.5552170130625627e-05,0.001589409321223394,0.015236417499333051,0.9998826554685716
308,tmp_dalel/308.jpeg,-2.947771568907194,1.0047404849003025,1.0047404849003025,-2.5553475900074652e-05,0.0015894093010180449,0.015237239082571786,0.9998826429487785
309,tmp_dalel/309.jpeg,-2.947771568907194,1.0047404849003025,1.0047404849003025,-2.5553475900074652e-05,0.0015894093010180449,0.015237239082571786,0.9998826429487785
310,tmp_dalel/310.jpeg,-2.9477715306095336,1.0047406166461692,1.0047406166461692,-2.555411904081237e-05,0.0015894092910657017,0.015237643743166022,0.9998826367820619
311,tmp_dalel/311.jpeg,-2.94777149231196,1.0047407483920825,1.0047407483920825,-2.555476218142156e-05,0.001589409281113207,0.015238048403890491,0.9998826306151799
312,tmp_dalel/312.jpeg,-2.9477714528539436,1.0047408841303442,1.0047408841303442,-2.5555424811466544e-05,0.001589409270858806,0.0152384653271949,0.9998826242612491
313,tmp_dalel/313.jpeg,-2.9477713762592317,1.0047411476224037,1.0047411476224037,-2.5556711094040334e-05,0.0015894092509523543,0.015239274649291161,0.9998826119266458
314,tmp_dalel/314.jpeg,-2.947771336801483,1.0047412833608096,1.0047412833608096,-2.5557373724379364e-05,0.0015894092406970603,0.015239691572997007,0.9998826055721972
315,tmp_dalel/315.jpeg,-2.947771298504345,1.0047414151069554,1.0047414151069554,-2.5558016866136348e-05,0.0015894092307433142,0.01524009623436946,0.9998825994044762
316,tmp_dalel/316.jpeg,-2.9477712602072925,1.0047415468531475,1.0047415468531475,-2.5558660008007037e-05,0.0015894092207892306,0.015240500895870977,0.9998825932365892
317,tmp_dalel/317.jpeg,-2.9477712207498135,1.004741682591697,1.004741682591697,-2.5559322639188753e-05,0.0015894092105330712,0.015240917819976897,0.9998825868816235
318,tmp_dalel/318.jpeg,-2.9477711824529362,1.0047418143379827,1.0047418143379827,-2.5559965781517443e-05,0.0015894092005783054,0.015241322481738881,0.9998825807134001
319,tmp_dalel/319.jpeg,-2.9477711824529362,1.0047418143379827,1.0047418143379827,-2.5559965781517443e-05,0.0015894092005783054,0.015241322481738881,0.9998825807134001
320,tmp_dalel/320.jpeg,-2.9477711046989343,1.0047420818230075,1.0047420818230075,-2.556127155598164e-05,0.001589409180366353,0.015242144068134181,0.9998825681895275
321,tmp_dalel/321.jpeg,-2.947771028105786,1.0047423453159043,1.0047423453159043,-2.556255784199764e-05,0.0015894091604551016,0.015242953392564103,0.9998825558519103
322,tmp_dalel/322.jpeg,-2.9477709886488452,1.0047424810547412,1.0047424810547412,-2.556322047448476e-05,0.0015894091501972652,0.01524337031747056,0.9998825494959095
323,tmp_dalel/323.jpeg,-2.9477709503524894,1.004742612801306,1.004742612801306,-2.5563863618191316e-05,0.0015894091402410943,0.015243774980008812,0.9998825433266813
324,tmp_dalel/324.jpeg,-2.947770912056219,1.0047427445479171,1.0047427445479171,-2.556450676190826e-05,0.0015894091302845201,0.015244179642676622,0.9998825371572875
325,tmp_dalel/325.jpeg,-2.947770834303451,1.0047430120336023,1.0047430120336023,-2.5565812539342142e-05,0.0015894091100688726,0.015245001230912165,0.9998825246310388
326,tmp_dalel/326.jpeg,-2.947770834303451,1.0047430120336023,1.0047430120336023,-2.5565812539342142e-05,0.0015894091100688726,0.015245001230912165,0.9998825246310388
327,tmp_dalel/327.jpeg,-2.947770756551038,1.0047432795194775,1.0047432795194775,-2.5567118317421728e-05,0.0015894090898522107,0.015245822819676288,0.9998825121041066
328,tmp_dalel/328.jpeg,-2.947770756551038,1.0047432795194775,1.0047432795194775,-2.5567118317421728e-05,0.0015894090898522107,0.015245822819676288,0.9998825121041066
329,tmp_dalel/329.jpeg,-2.947770718255203,1.0047434112663216,1.0047434112663216,-2.556776146234687e-05,0.0015894090798944686,0.01524622748299287,0.999882505933874
330,tmp_dalel/330.jpeg,-2.947770679959455,1.0047435430132117,1.0047435430132117,-2.5568404607201347e-05,0.001589409069936289,0.015246632146438387,0.9998824997634755
331,tmp_dalel/331.jpeg,-2.947770602207746,1.0047438104994633,1.0047438104994633,-2.556971038725872e-05,0.001589409049717387,0.015247453736251197,0.9998824872351869
332,tmp_dalel/332.jpeg,-2.947770563912259,1.004743942246493,1.004743942246493,-2.557035353280449e-05,0.0015894090397586417,0.015247858400085286,0.999882481064286
333,tmp_dalel/333.jpeg,-2.9477705244563914,1.0047440779859047,1.0047440779859047,-2.5571016167874978e-05,0.0015894090294976382,0.015248275326593081,0.9998824747062149
334,tmp_dalel/334.jpeg,-2.947770486161079,1.004744209733028,1.004744209733028,-2.5571659313979432e-05,0.0015894090195380714,0.015248679990687608,0.9998824685349776
335,tmp_dalel/335.jpeg,-2.947770447865853,1.004744341480197,1.004744341480197,-2.5572302460445177e-05,0.0015894090095782015,0.015249084654909652,0.9998824623635746
336,tmp_dalel/336.jpeg,-2.9477704084102547,1.0047444772197534,1.0047444772197534,-2.557296509604379e-05,0.0015894089993164738,0.015249501581820198,0.9998824560049858
337,tmp_dalel/337.jpeg,-2.9477703318202373,1.004744740714325,1.004744740714325,-2.557425138956479e-05,0.0015894089793956317,0.015250310910916267,0.9998824436613408
338,tmp_dalel/338.jpeg,-2.9477703318202373,1.004744740714325,1.004744740714325,-2.557425138956479e-05,0.0015894089793956317,0.015250310910916267,0.9998824436613408
339,tmp_dalel/339.jpeg,-2.9477702540701163,1.0047450082014273,1.0047450082014273,-2.5575557173243756e-05,0.001589408959171822,0.015251132503098999,0.9998824311299925
340,tmp_dalel/340.jpeg,-2.9477702157754115,1.0047451399488754,1.0047451399488754,-2.5576200320759143e-05,0.0015894089492104297,0.015251537168099407,0.9998824249575848
341,tmp_dalel/341.jpeg,-2.9477701763203514,1.004745275688719,1.004745275688719,-2.5576862957873438e-05,0.0015894089389467882,0.015251954095810006,0.999882418597961
342,tmp_dalel/342.jpeg,-2.9477700997313767,1.0047455391838491,1.0047455391838491,-2.5578149254003418e-05,0.0015894089190227733,0.015252763426460014,0.9998824062523067
343,tmp_dalel/343.jpeg,-2.947770060276585,1.0047456749238364,1.0047456749238364,-2.5578811891594107e-05,0.0015894089087582454,0.015253180354571757,0.9998823998921655
344,tmp_dalel/344.jpeg,-2.947770021982315,1.004745806671518,1.004745806671518,-2.5579455040092287e-05,0.0015894088987956831,0.015253585020222225,0.9998823937189188
345,tmp_dalel/345.jpeg,-2.947769983688132,1.0047459384192456,1.0047459384192456,-2.5580098188776163e-05,0.0015894088888327765,0.015253989686000924,0.9998823875455063
346,tmp_dalel/346.jpeg,-2.9477699442336087,1.0047460741593766,1.0047460741593766,-2.5580760827072692e-05,0.0015894088785676267,0.015254406614512836,0.9998823811848475
347,tmp_dalel/347.jpeg,-2.9477699059396,1.004746205907198,1.004746205907198,-2.5581403976202694e-05,0.0015894088686041836,0.015254811280552304,0.9998823750110986
348,tmp_dalel/348.jpeg,-2.9477698281914226,1.00474647339534,1.00474647339534,-2.5582709764404103e-05,0.0015894088483745707,0.015255632875630865,0.9998823624760075
349,tmp_dalel/349.jpeg,-2.947769789897675,1.0047466051433005,1.0047466051433005,-2.5583352914106175e-05,0.0015894088384102425,0.015256037542058544,0.999882356301756
350,tmp_dalel/350.jpeg,-2.9477697516040133,1.0047467368913072,1.0047467368913072,-2.558399606404124e-05,0.0015894088284457663,0.01525644220861408,0.9998823501273391
351,tmp_dalel/351.jpeg,-2.947769712150027,1.0047468726317261,1.0047468726317261,-2.5584658703392525e-05,0.0015894088181790536,0.015256859137928281,0.9998823437656449
352,tmp_dalel/352.jpeg,-2.9477696738565404,1.0047470043798261,1.0047470043798261,-2.5585301853772158e-05,0.001589408808214081,0.015257263804743655,0.9998823375908913
353,tmp_dalel/353.jpeg,-2.9477696355631395,1.0047471361279723,1.0047471361279723,-2.5585945004221214e-05,0.0015894087982486437,0.015257668471688095,0.9998823314159719
354,tmp_dalel/354.jpeg,-2.9477696355631395,1.0047471361279723,1.0047471361279723,-2.5585945004221214e-05,0.0015894087982486437,0.015257668471688095,0.9998823314159719
355,tmp_dalel/355.jpeg,-2.947769557816196,1.0047474036167747,1.0047474036167747,-2.558725079533946e-05,0.0015894087780151775,0.0152584900686057,0.9998823188785044
356,tmp_dalel/356.jpeg,-2.9477694800696073,1.0047476711057663,1.0047476711057663,-2.5588556587568155e-05,0.0015894087577806469,0.015259311666052636,0.9998823063403536
357,tmp_dalel/357.jpeg,-2.9477694417766416,1.0047478028541459,1.0047478028541459,-2.5589199738966572e-05,0.0015894087478140679,0.01525971633364659,0.9998823001645953
358,tmp_dalel/358.jpeg,-2.9477694034837625,1.004747934602571,1.004747934602571,-2.558984289091287e-05,0.0015894087378470073,0.015260121001368289,0.9998822939886713
359,tmp_dalel/359.jpeg,-2.9477694034837625,1.004747934602571,1.004747934602571,-2.558984289091287e-05,0.0015894087378470073,0.015260121001368289,0.9998822939886713
360,tmp_dalel/360.jpeg,-2.9477693640305827,1.004748070343421,1.004748070343421,-2.5590505532361277e-05,0.0015894087275777967,0.015260537931882454,0.9998822876254246
361,tmp_dalel/361.jpeg,-2.9477692874452597,1.004748333840505,1.004748333840505,-2.5591791837148716e-05,0.0015894087076425807,0.015261347267976214,0.9998822752727377
362,tmp_dalel/362.jpeg,-2.947769209699905,1.0047486013301572,1.0047486013301572,-2.5593097632179038e-05,0.001589408687404646,0.015262168867262704,0.9998822627322103
363,tmp_dalel/363.jpeg,-2.947769209699905,1.0047486013301572,1.0047486013301572,-2.5593097632179038e-05,0.001589408687404646,0.015262168867262704,0.9998822627322103
364,tmp_dalel/364.jpeg,-2.9477691714075482,1.004748733078862,1.004748733078862,-2.5593740785204158e-05,0.0015894086774358748,0.015262573535762497,0.9998822565552817
365,tmp_dalel/365.jpeg,-2.9477691319549058,1.0047488688199997,1.0047488688199997,-2.55944034280744e-05,0.0015894086671650641,0.015262990467077808,0.9998822501909999
366,tmp_dalel/366.jpeg,-2.947769093662723,1.004749000568798,1.004749000568798,-2.5595046581530454e-05,0.0015894086571957952,0.015263395135838654,0.9998822440137345
367,tmp_dalel/367.jpeg,-2.947769015918252,1.0047492680589236,1.0047492680589236,-2.5596352378502273e-05,0.0015894086369548973,0.01526421673644413,0.999882231471504
368,tmp_dalel/368.jpeg,-2.9477689776263305,1.0047493998078614,1.0047493998078614,-2.559699553236291e-05,0.0015894086269852335,0.015264621405594137,0.9998822252937364
369,tmp_dalel/369.jpeg,-2.947768939334495,1.0047495315568449,1.0047495315568449,-2.559763868658492e-05,0.0015894086170149858,0.015265026074870599,0.999882219115803
370,tmp_dalel/370.jpeg,-2.94776889988239,1.0047496672982699,1.0047496672982699,-2.5598301330719702e-05,0.001589408606742479,0.015265443006986184,0.999882212750486
371,tmp_dalel/371.jpeg,-2.9477688615907294,1.0047497990473473,1.0047497990473473,-2.5598944485175668e-05,0.0015894085967716521,0.015265847676525248,0.999882206572216
372,tmp_dalel/372.jpeg,-2.947768823299154,1.0047499307964707,1.0047499307964707,-2.5599587639987923e-05,0.0015894085868008315,0.015266252346191351,0.9998822003937803
373,tmp_dalel/373.jpeg,-2.9477687455559183,1.004750198287256,1.004750198287256,-2.560089344012498e-05,0.0015894085665557603,0.015267073948633357,0.9998821878491735
374,tmp_dalel/374.jpeg,-2.9477687072646037,1.0047503300365188,1.0047503300365188,-2.5601536595570306e-05,0.0015894085565844372,0.015267478618687977,0.9998821816702355
375,tmp_dalel/375.jpeg,-2.947768667813037,1.0047504657782316,1.0047504657782316,-2.5602199240871763e-05,0.0015894085463099867,0.015267895551606634,0.9998821753038832
376,tmp_dalel/376.jpeg,-2.9477686295218977,1.0047505975275879,1.0047505975275879,-2.560284239678014e-05,0.0015894085363378598,0.01526830022192179,0.9998821691246086
377,tmp_dalel/377.jpeg,-2.947768591230844,1.00475072927699,1.00475072927699,-2.5603485553159205e-05,0.0015894085263652156,0.01526870489236485,0.9998821629451682
378,tmp_dalel/378.jpeg,-2.947768551779545,1.0047508650188473,1.0047508650188473,-2.5604148198792943e-05,0.001589408516090339,0.015269121825685397,0.9998821565782986
379,tmp_dalel/379.jpeg,-2.947768475197874,1.0047511285178847,1.0047511285178847,-2.5605434512345497e-05,0.0015894084961441026,0.015269931167221838,0.9998821442185787
380,tmp_dalel/380.jpeg,-2.947768475197874,1.0047511285178847,1.0047511285178847,-2.5605434512345497e-05,0.0015894084961441026,0.015269931167221838,0.9998821442185787
381,tmp_dalel/381.jpeg,-2.947768397456226,1.0047513960095211,1.0047513960095211,-2.5606740315886504e-05,0.001589408475894696,0.015270752772036024,0.9998821316709119
382,tmp_dalel/382.jpeg,-2.9477683591656945,1.0047515277592025,1.0047515277592025,-2.560738347317705e-05,0.00158940846592066,0.015271157443257325,0.999882125490467
383,tmp_dalel/383.jpeg,-2.947768319714933,1.0047516635013471,1.0047516635013471,-2.560804612031429e-05,0.0015894084556438853,0.01527157437737838,0.9998821191225621
384,tmp_dalel/384.jpeg,-2.9477682814245765,1.004751795251122,1.004751795251122,-2.5608689278077025e-05,0.0015894084456692112,0.015271979048859505,0.9998821129417804
385,tmp_dalel/385.jpeg,-2.9477682814245765,1.004751795251122,1.004751795251122,-2.5608689278077025e-05,0.0015894084456692112,0.015271979048859505,0.9998821129417804
386,tmp_dalel/386.jpeg,-2.9477682036838133,1.0047520627432311,1.0047520627432311,-2.560999508393301e-05,0.001589408425417072,0.015272800654991005,0.9998821003924104
387,tmp_dalel/387.jpeg,-2.9477681271037075,1.0047523262431062,1.0047523262431062,-2.561128140101483e-05,0.0015894084054655746,0.015273609998861355,0.9998820880296764
388,tmp_dalel/388.jpeg,-2.9477680876534835,1.0047524619855384,1.0047524619855384,-2.561194404964424e-05,0.001589408395187244,0.015274026933783599,0.9998820816607366
389,tmp_dalel/389.jpeg,-2.9477680493636487,1.0047525937355928,1.0047525937355928,-2.5612587208600068e-05,0.001589408385211102,0.01527443160604323,0.99988207547895
390,tmp_dalel/390.jpeg,-2.9477680493636487,1.0047525937355928,1.0047525937355928,-2.5612587208600068e-05,0.001589408385211102,0.01527443160604323,0.99988207547895
391,tmp_dalel/391.jpeg,-2.947768011073899,1.0047527254856927,1.0047527254856927,-2.5613230367938962e-05,0.0015894083752344787,0.015274836278431122,0.9998820692969979
392,tmp_dalel/392.jpeg,-2.94776793333437,1.004752992978462,1.004752992978462,-2.5614536176718383e-05,0.0015894083549785078,0.015275657886401596,0.9998820567452514
393,tmp_dalel/393.jpeg,-2.9477678555951954,1.0047532604714215,1.0047532604714215,-2.5615841986528518e-05,0.0015894083347212239,0.01527647949490168,0.9998820441928219
394,tmp_dalel/394.jpeg,-2.947767817305882,1.0047533922217553,1.0047533922217553,-2.5616485146673526e-05,0.0015894083247435355,0.015276884167940262,0.9998820380100306
395,tmp_dalel/395.jpeg,-2.9477677790166537,1.0047535239721344,1.0047535239721344,-2.561712830725715e-05,0.0015894083147655399,0.015277288841104734,0.9998820318270737
396,tmp_dalel/396.jpeg,-2.947767739567237,1.0047536597149977,1.0047536597149977,-2.561779095766279e-05,0.0015894083044845008,0.015277705777227004,0.9998820254565811
397,tmp_dalel/397.jpeg,-2.947767739567237,1.0047536597149977,1.0047536597149977,-2.561779095766279e-05,0.0015894083044845008,0.015277705777227004,0.9998820254565811
398,tmp_dalel/398.jpeg,-2.947767662989217,1.0047539232159892,1.0047539232159892,-2.5619077279758842e-05,0.001589408284526922,0.015278515124207344,0.9998820130898282
399,tmp_dalel/399.jpeg,-2.947767585251276,1.0047541907096091,1.0047541907096091,-2.5620383092138722e-05,0.0015894082642660277,0.015279336734547667,0.9998820005350221
400,tmp_dalel/400.jpeg,-2.94776754696257,1.0047543224602675,1.0047543224602675,-2.5621026253731537e-05,0.0015894082542863685,0.01527974140849101,0.9998819943510603
401,tmp_dalel/401.jpeg,-2.94776754696257,1.0047543224602675,1.0047543224602675,-2.5621026253731537e-05,0.0015894082542863685,0.01527974140849101,0.9998819943510603
402,tmp_dalel/402.jpeg,-2.9477675075136904,1.0047544582034182,1.0047544582034182,-2.5621688905488046e-05,0.0015894082440037563,0.015280158345414982,0.9998819879795325
